{
  "type": "FeatureCollection",
  "features": [
    {
      "type": "Feature",
      "geometry": {
        "type": "Point",
        "coordinates": [
          115.7219896446572,
          -32.54950956217969
        ]
      },
      "properties": {
        "name": "",
        "purpose": "wa-surveypoint-purpose:monument",
        "ptQualityMeasure": 0.001,
        "comment": null,
        "methodEstablished": "wa-pt-method:P",
        "monumentedBy": {
          "form": "wa-monument-form:cadastral-point-unmarked",
          "condition": "wa-monument-condition:ok",
          "state": "wa-monument-state:unmarked"
        },
        "feature_id": "1022"
      },
      "id": "1022"
    },
    {
      "type": "Feature",
      "geometry": {
        "type": "Point",
        "coordinates": [
          115.7194818665959,
          -32.551428301024934
        ]
      },
      "properties": {
        "name": "",
        "purpose": "wa-surveypoint-purpose:monument",
        "ptQualityMeasure": 0.001,
        "comment": null,
        "methodEstablished": "wa-pt-method:P",
        "monumentedBy": {
          "form": "wa-monument-form:cadastral-point-unmarked",
          "condition": "wa-monument-condition:ok",
          "state": "wa-monument-state:unmarked"
        },
        "feature_id": "1465"
      },
      "id": "1465"
    },
    {
      "type": "Feature",
      "geometry": {
        "type": "Point",
        "coordinates": [
          115.71963678594184,
          -32.549536403781765
        ]
      },
      "properties": {
        "name": "",
        "purpose": "wa-surveypoint-purpose:monument",
        "ptQualityMeasure": 0.001,
        "comment": null,
        "methodEstablished": "wa-pt-method:P",
        "monumentedBy": {
          "form": "wa-monument-form:cadastral-point-unmarked",
          "condition": "wa-monument-condition:ok",
          "state": "wa-monument-state:unmarked"
        },
        "feature_id": "1467"
      },
      "id": "1467"
    },
    {
      "type": "Feature",
      "geometry": {
        "type": "Point",
        "coordinates": [
          115.71895149247248,
          -32.55146714075782
        ]
      },
      "properties": {
        "name": "",
        "purpose": "wa-surveypoint-purpose:monument",
        "ptQualityMeasure": 0.001,
        "comment": null,
        "methodEstablished": "wa-pt-method:P",
        "monumentedBy": {
          "form": "wa-monument-form:cadastral-point-unmarked",
          "condition": "wa-monument-condition:ok",
          "state": "wa-monument-state:unmarked"
        },
        "feature_id": "1499"
      },
      "id": "1499"
    },
    {
      "type": "Feature",
      "geometry": {
        "type": "Point",
        "coordinates": [
          115.72392662248362,
          -32.55292369184389
        ]
      },
      "properties": {
        "name": "",
        "purpose": "wa-surveypoint-purpose:monument",
        "ptQualityMeasure": 0.001,
        "comment": null,
        "methodEstablished": "wa-pt-method:P",
        "monumentedBy": {
          "form": "wa-monument-form:peg",
          "condition": "wa-monument-condition:ok",
          "state": "wa-monument-state:new-mark"
        },
        "feature_id": "2112"
      },
      "id": "2112"
    },
    {
      "type": "Feature",
      "geometry": {
        "type": "Point",
        "coordinates": [
          115.72271929613149,
          -32.55153704166863
        ]
      },
      "properties": {
        "name": "",
        "purpose": "wa-surveypoint-purpose:monument",
        "ptQualityMeasure": 0.001,
        "comment": null,
        "methodEstablished": "wa-pt-method:P",
        "monumentedBy": {
          "form": "wa-monument-form:cadastral-point-unmarked",
          "condition": "wa-monument-condition:ok",
          "state": "wa-monument-state:unmarked"
        },
        "feature_id": "3951"
      },
      "id": "3951"
    },
    {
      "type": "Feature",
      "geometry": {
        "type": "Point",
        "coordinates": [
          115.72387374959926,
          -32.550328476267346
        ]
      },
      "properties": {
        "name": "",
        "purpose": "wa-surveypoint-purpose:monument",
        "ptQualityMeasure": 0.001,
        "comment": null,
        "methodEstablished": "wa-pt-method:P",
        "monumentedBy": {
          "form": "wa-monument-form:cadastral-point-unmarked",
          "condition": "wa-monument-condition:ok",
          "state": "wa-monument-state:unmarked"
        },
        "feature_id": "3969"
      },
      "id": "3969"
    },
    {
      "type": "Feature",
      "geometry": {
        "type": "Point",
        "coordinates": [
          115.7219519691454,
          -32.55003756614496
        ]
      },
      "properties": {
        "name": "",
        "purpose": "wa-surveypoint-purpose:monument",
        "ptQualityMeasure": 0.001,
        "comment": null,
        "methodEstablished": "wa-pt-method:P",
        "monumentedBy": {
          "form": "wa-monument-form:cadastral-point-unmarked",
          "condition": "wa-monument-condition:ok",
          "state": "wa-monument-state:unmarked"
        },
        "feature_id": "4034"
      },
      "id": "4034"
    },
    {
      "type": "Feature",
      "geometry": {
        "type": "Point",
        "coordinates": [
          115.72122453353711,
          -32.55004586350864
        ]
      },
      "properties": {
        "name": "",
        "purpose": "wa-surveypoint-purpose:monument",
        "ptQualityMeasure": 0.001,
        "comment": null,
        "methodEstablished": "wa-pt-method:P",
        "monumentedBy": {
          "form": "wa-monument-form:cadastral-point-unmarked",
          "condition": "wa-monument-condition:ok",
          "state": "wa-monument-state:unmarked"
        },
        "feature_id": "4069"
      },
      "id": "4069"
    },
    {
      "type": "Feature",
      "geometry": {
        "type": "Point",
        "coordinates": [
          115.72091010526444,
          -32.550139630452854
        ]
      },
      "properties": {
        "name": "",
        "purpose": "wa-surveypoint-purpose:monument",
        "ptQualityMeasure": 0.001,
        "comment": null,
        "methodEstablished": "wa-pt-method:P",
        "monumentedBy": {
          "form": "wa-monument-form:cadastral-point-unmarked",
          "condition": "wa-monument-condition:ok",
          "state": "wa-monument-state:unmarked"
        },
        "feature_id": "4071"
      },
      "id": "4071"
    },
    {
      "type": "Feature",
      "geometry": {
        "type": "Point",
        "coordinates": [
          115.72208158577692,
          -32.55184974481303
        ]
      },
      "properties": {
        "name": "",
        "purpose": "wa-surveypoint-purpose:monument",
        "ptQualityMeasure": 0.001,
        "comment": null,
        "methodEstablished": "wa-pt-method:P",
        "monumentedBy": {
          "form": "wa-monument-form:cadastral-point-unmarked",
          "condition": "wa-monument-condition:ok",
          "state": "wa-monument-state:unmarked"
        },
        "feature_id": "4097"
      },
      "id": "4097"
    },
    {
      "type": "Feature",
      "geometry": {
        "type": "Point",
        "coordinates": [
          115.72078780242454,
          -32.550141028869334
        ]
      },
      "properties": {
        "name": "",
        "purpose": "wa-surveypoint-purpose:monument",
        "ptQualityMeasure": 0.001,
        "comment": null,
        "methodEstablished": "wa-pt-method:P",
        "monumentedBy": {
          "form": "wa-monument-form:cadastral-point-unmarked",
          "condition": "wa-monument-condition:ok",
          "state": "wa-monument-state:unmarked"
        },
        "feature_id": "4098"
      },
      "id": "4098"
    },
    {
      "type": "Feature",
      "geometry": {
        "type": "Point",
        "coordinates": [
          115.72078898747772,
          -32.55021514984701
        ]
      },
      "properties": {
        "name": "",
        "purpose": "wa-surveypoint-purpose:monument",
        "ptQualityMeasure": 0.001,
        "comment": null,
        "methodEstablished": "wa-pt-method:P",
        "monumentedBy": {
          "form": "wa-monument-form:cadastral-point-unmarked",
          "condition": "wa-monument-condition:ok",
          "state": "wa-monument-state:unmarked"
        },
        "feature_id": "4099"
      },
      "id": "4099"
    },
    {
      "type": "Feature",
      "geometry": {
        "type": "Point",
        "coordinates": [
          115.72056062855275,
          -32.550982427474224
        ]
      },
      "properties": {
        "name": "",
        "purpose": "wa-surveypoint-purpose:monument",
        "ptQualityMeasure": 0.001,
        "comment": null,
        "methodEstablished": "wa-pt-method:P",
        "monumentedBy": {
          "form": "wa-monument-form:cadastral-point-unmarked",
          "condition": "wa-monument-condition:ok",
          "state": "wa-monument-state:unmarked"
        },
        "feature_id": "4100"
      },
      "id": "4100"
    },
    {
      "type": "Feature",
      "geometry": {
        "type": "Point",
        "coordinates": [
          115.72249258698868,
          -32.551897092344596
        ]
      },
      "properties": {
        "name": "",
        "purpose": "wa-surveypoint-purpose:monument",
        "ptQualityMeasure": 0.001,
        "comment": null,
        "methodEstablished": "wa-pt-method:P",
        "monumentedBy": {
          "form": "wa-monument-form:peg",
          "condition": "wa-monument-condition:ok",
          "state": "wa-monument-state:new-mark"
        },
        "feature_id": "4113"
      },
      "id": "4113"
    },
    {
      "type": "Feature",
      "geometry": {
        "type": "Point",
        "coordinates": [
          115.72352329133544,
          -32.551303443109376
        ]
      },
      "properties": {
        "name": "",
        "purpose": "wa-surveypoint-purpose:monument",
        "ptQualityMeasure": 0.001,
        "comment": null,
        "methodEstablished": "wa-pt-method:P",
        "monumentedBy": {
          "form": "wa-monument-form:cadastral-point-unmarked",
          "condition": "wa-monument-condition:ok",
          "state": "wa-monument-state:unmarked"
        },
        "feature_id": "4143"
      },
      "id": "4143"
    },
    {
      "type": "Feature",
      "geometry": {
        "type": "Point",
        "coordinates": [
          115.7219667092492,
          -32.55115267833546
        ]
      },
      "properties": {
        "name": "",
        "purpose": "wa-surveypoint-purpose:monument",
        "ptQualityMeasure": 0.001,
        "comment": null,
        "methodEstablished": "wa-pt-method:P",
        "monumentedBy": {
          "form": "wa-monument-form:cadastral-point-unmarked",
          "condition": "wa-monument-condition:ok",
          "state": "wa-monument-state:unmarked"
        },
        "feature_id": "4192"
      },
      "id": "4192"
    },
    {
      "type": "Feature",
      "geometry": {
        "type": "Point",
        "coordinates": [
          115.72190044541746,
          -32.551186416222976
        ]
      },
      "properties": {
        "name": "",
        "purpose": "wa-surveypoint-purpose:monument",
        "ptQualityMeasure": 0.001,
        "comment": null,
        "methodEstablished": "wa-pt-method:P",
        "monumentedBy": {
          "form": "wa-monument-form:cadastral-point-unmarked",
          "condition": "wa-monument-condition:ok",
          "state": "wa-monument-state:unmarked"
        },
        "feature_id": "4194"
      },
      "id": "4194"
    },
    {
      "type": "Feature",
      "geometry": {
        "type": "Point",
        "coordinates": [
          115.72198990428421,
          -32.55115349143139
        ]
      },
      "properties": {
        "name": "",
        "purpose": "wa-surveypoint-purpose:monument",
        "ptQualityMeasure": 0.001,
        "comment": null,
        "methodEstablished": "wa-pt-method:P",
        "monumentedBy": {
          "form": "wa-monument-form:cadastral-point-unmarked",
          "condition": "wa-monument-condition:ok",
          "state": "wa-monument-state:unmarked"
        },
        "feature_id": "4221"
      },
      "id": "4221"
    },
    {
      "type": "Feature",
      "geometry": {
        "type": "Point",
        "coordinates": [
          115.72386330125158,
          -32.5515800320861
        ]
      },
      "properties": {
        "name": "",
        "purpose": "wa-surveypoint-purpose:monument",
        "ptQualityMeasure": 0.001,
        "comment": null,
        "methodEstablished": "wa-pt-method:P",
        "monumentedBy": {
          "form": "wa-monument-form:cadastral-point-unmarked",
          "condition": "wa-monument-condition:ok",
          "state": "wa-monument-state:unmarked"
        },
        "feature_id": "4232"
      },
      "id": "4232"
    },
    {
      "type": "Feature",
      "geometry": {
        "type": "Point",
        "coordinates": [
          115.72385999409893,
          -32.55197701712679
        ]
      },
      "properties": {
        "name": "",
        "purpose": "wa-surveypoint-purpose:monument",
        "ptQualityMeasure": 0.001,
        "comment": null,
        "methodEstablished": "wa-pt-method:P",
        "monumentedBy": {
          "form": "wa-monument-form:deck-spike",
          "condition": "wa-monument-condition:ok",
          "state": "wa-monument-state:new-mark"
        },
        "feature_id": "4233"
      },
      "id": "4233"
    },
    {
      "type": "Feature",
      "geometry": {
        "type": "Point",
        "coordinates": [
          115.72372175902625,
          -32.551972186113204
        ]
      },
      "properties": {
        "name": "",
        "purpose": "wa-surveypoint-purpose:monument",
        "ptQualityMeasure": 0.001,
        "comment": null,
        "methodEstablished": "wa-pt-method:P",
        "monumentedBy": {
          "form": "wa-monument-form:peg",
          "condition": "wa-monument-condition:ok",
          "state": "wa-monument-state:new-mark"
        },
        "feature_id": "4234"
      },
      "id": "4234"
    },
    {
      "type": "Feature",
      "geometry": {
        "type": "Point",
        "coordinates": [
          115.72358878262659,
          -32.55196753462429
        ]
      },
      "properties": {
        "name": "",
        "purpose": "wa-surveypoint-purpose:monument",
        "ptQualityMeasure": 0.001,
        "comment": null,
        "methodEstablished": "wa-pt-method:P",
        "monumentedBy": {
          "form": "wa-monument-form:peg",
          "condition": "wa-monument-condition:ok",
          "state": "wa-monument-state:new-mark"
        },
        "feature_id": "4235"
      },
      "id": "4235"
    },
    {
      "type": "Feature",
      "geometry": {
        "type": "Point",
        "coordinates": [
          115.72348766658735,
          -32.551963991273745
        ]
      },
      "properties": {
        "name": "",
        "purpose": "wa-surveypoint-purpose:monument",
        "ptQualityMeasure": 0.001,
        "comment": null,
        "methodEstablished": "wa-pt-method:P",
        "monumentedBy": {
          "form": "wa-monument-form:peg",
          "condition": "wa-monument-condition:ok",
          "state": "wa-monument-state:new-mark"
        },
        "feature_id": "4236"
      },
      "id": "4236"
    },
    {
      "type": "Feature",
      "geometry": {
        "type": "Point",
        "coordinates": [
          115.72338653978252,
          -32.55196045675268
        ]
      },
      "properties": {
        "name": "",
        "purpose": "wa-surveypoint-purpose:monument",
        "ptQualityMeasure": 0.001,
        "comment": null,
        "methodEstablished": "wa-pt-method:P",
        "monumentedBy": {
          "form": "wa-monument-form:peg",
          "condition": "wa-monument-condition:ok",
          "state": "wa-monument-state:new-mark"
        },
        "feature_id": "4237"
      },
      "id": "4237"
    },
    {
      "type": "Feature",
      "geometry": {
        "type": "Point",
        "coordinates": [
          115.72328542363712,
          -32.55195692225859
        ]
      },
      "properties": {
        "name": "",
        "purpose": "wa-surveypoint-purpose:monument",
        "ptQualityMeasure": 0.001,
        "comment": null,
        "methodEstablished": "wa-pt-method:P",
        "monumentedBy": {
          "form": "wa-monument-form:peg",
          "condition": "wa-monument-condition:ok",
          "state": "wa-monument-state:new-mark"
        },
        "feature_id": "4238"
      },
      "id": "4238"
    },
    {
      "type": "Feature",
      "geometry": {
        "type": "Point",
        "coordinates": [
          115.7228490139079,
          -32.55194165613552
        ]
      },
      "properties": {
        "name": "",
        "purpose": "wa-surveypoint-purpose:monument",
        "ptQualityMeasure": 0.001,
        "comment": null,
        "methodEstablished": "wa-pt-method:P",
        "monumentedBy": {
          "form": "wa-monument-form:peg",
          "condition": "wa-monument-condition:ok",
          "state": "wa-monument-state:new-mark"
        },
        "feature_id": "4239"
      },
      "id": "4239"
    },
    {
      "type": "Feature",
      "geometry": {
        "type": "Point",
        "coordinates": [
          115.7225566684656,
          -32.55188586411876
        ]
      },
      "properties": {
        "name": "",
        "purpose": "wa-surveypoint-purpose:monument",
        "ptQualityMeasure": 0.001,
        "comment": null,
        "methodEstablished": "wa-pt-method:P",
        "monumentedBy": {
          "form": "wa-monument-form:drill-hole",
          "condition": "wa-monument-condition:ok",
          "state": "wa-monument-state:new-mark"
        },
        "feature_id": "4253"
      },
      "id": "4253"
    },
    {
      "type": "Feature",
      "geometry": {
        "type": "Point",
        "coordinates": [
          115.72249126613015,
          -32.552055723964806
        ]
      },
      "properties": {
        "name": "",
        "purpose": "wa-surveypoint-purpose:monument",
        "ptQualityMeasure": 0.001,
        "comment": null,
        "methodEstablished": "wa-pt-method:P",
        "monumentedBy": {
          "form": "wa-monument-form:peg",
          "condition": "wa-monument-condition:ok",
          "state": "wa-monument-state:new-mark"
        },
        "feature_id": "4259"
      },
      "id": "4259"
    },
    {
      "type": "Feature",
      "geometry": {
        "type": "Point",
        "coordinates": [
          115.72341956817895,
          -32.55250043613177
        ]
      },
      "properties": {
        "name": "",
        "purpose": "wa-surveypoint-purpose:monument",
        "ptQualityMeasure": 0.001,
        "comment": null,
        "methodEstablished": "wa-pt-method:P",
        "monumentedBy": {
          "form": "wa-monument-form:peg",
          "condition": "wa-monument-condition:ok",
          "state": "wa-monument-state:new-mark"
        },
        "feature_id": "4262"
      },
      "id": "4262"
    },
    {
      "type": "Feature",
      "geometry": {
        "type": "Point",
        "coordinates": [
          115.72392825184677,
          -32.552728035919735
        ]
      },
      "properties": {
        "name": "",
        "purpose": "wa-surveypoint-purpose:monument",
        "ptQualityMeasure": 0.001,
        "comment": null,
        "methodEstablished": "wa-pt-method:P",
        "monumentedBy": {
          "form": "wa-monument-form:peg",
          "condition": "wa-monument-condition:ok",
          "state": "wa-monument-state:new-mark"
        },
        "feature_id": "4263"
      },
      "id": "4263"
    },
    {
      "type": "Feature",
      "geometry": {
        "type": "Point",
        "coordinates": [
          115.72386536611776,
          -32.55269989533313
        ]
      },
      "properties": {
        "name": "",
        "purpose": "wa-surveypoint-purpose:monument",
        "ptQualityMeasure": 0.001,
        "comment": null,
        "methodEstablished": "wa-pt-method:P",
        "monumentedBy": {
          "form": "wa-monument-form:peg",
          "condition": "wa-monument-condition:ok",
          "state": "wa-monument-state:new-mark"
        },
        "feature_id": "4264"
      },
      "id": "4264"
    },
    {
      "type": "Feature",
      "geometry": {
        "type": "Point",
        "coordinates": [
          115.72374766973272,
          -32.55264723191924
        ]
      },
      "properties": {
        "name": "",
        "purpose": "wa-surveypoint-purpose:monument",
        "ptQualityMeasure": 0.001,
        "comment": null,
        "methodEstablished": "wa-pt-method:P",
        "monumentedBy": {
          "form": "wa-monument-form:peg",
          "condition": "wa-monument-condition:ok",
          "state": "wa-monument-state:new-mark"
        },
        "feature_id": "4265"
      },
      "id": "4265"
    },
    {
      "type": "Feature",
      "geometry": {
        "type": "Point",
        "coordinates": [
          115.72351240427453,
          -32.55254196919888
        ]
      },
      "properties": {
        "name": "",
        "purpose": "wa-surveypoint-purpose:monument",
        "ptQualityMeasure": 0.001,
        "comment": null,
        "methodEstablished": "wa-pt-method:P",
        "monumentedBy": {
          "form": "wa-monument-form:peg",
          "condition": "wa-monument-condition:ok",
          "state": "wa-monument-state:new-mark"
        },
        "feature_id": "4266"
      },
      "id": "4266"
    },
    {
      "type": "Feature",
      "geometry": {
        "type": "Point",
        "coordinates": [
          115.72342287015228,
          -32.55250191287572
        ]
      },
      "properties": {
        "name": "",
        "purpose": "wa-surveypoint-purpose:monument",
        "ptQualityMeasure": 0.001,
        "comment": null,
        "methodEstablished": "wa-pt-method:P",
        "monumentedBy": {
          "form": "wa-monument-form:peg",
          "condition": "wa-monument-condition:ok",
          "state": "wa-monument-state:new-mark"
        },
        "feature_id": "4267"
      },
      "id": "4267"
    },
    {
      "type": "Feature",
      "geometry": {
        "type": "Point",
        "coordinates": [
          115.72324871599932,
          -32.552414742133216
        ]
      },
      "properties": {
        "name": "",
        "purpose": "wa-surveypoint-purpose:monument",
        "ptQualityMeasure": 0.001,
        "comment": null,
        "methodEstablished": "wa-pt-method:P",
        "monumentedBy": {
          "form": "wa-monument-form:peg",
          "condition": "wa-monument-condition:ok",
          "state": "wa-monument-state:new-mark"
        },
        "feature_id": "4268"
      },
      "id": "4268"
    },
    {
      "type": "Feature",
      "geometry": {
        "type": "Point",
        "coordinates": [
          115.7231616826677,
          -32.552371084956626
        ]
      },
      "properties": {
        "name": "",
        "purpose": "wa-surveypoint-purpose:monument",
        "ptQualityMeasure": 0.001,
        "comment": null,
        "methodEstablished": "wa-pt-method:P",
        "monumentedBy": {
          "form": "wa-monument-form:peg",
          "condition": "wa-monument-condition:ok",
          "state": "wa-monument-state:new-mark"
        },
        "feature_id": "4269"
      },
      "id": "4269"
    },
    {
      "type": "Feature",
      "geometry": {
        "type": "Point",
        "coordinates": [
          115.722987616006,
          -32.55228378846564
        ]
      },
      "properties": {
        "name": "",
        "purpose": "wa-surveypoint-purpose:monument",
        "ptQualityMeasure": 0.001,
        "comment": null,
        "methodEstablished": "wa-pt-method:P",
        "monumentedBy": {
          "form": "wa-monument-form:peg",
          "condition": "wa-monument-condition:ok",
          "state": "wa-monument-state:new-mark"
        },
        "feature_id": "4270"
      },
      "id": "4270"
    },
    {
      "type": "Feature",
      "geometry": {
        "type": "Point",
        "coordinates": [
          115.723880305644,
          -32.552095052559274
        ]
      },
      "properties": {
        "name": "",
        "purpose": "wa-surveypoint-purpose:monument",
        "ptQualityMeasure": 0.001,
        "comment": null,
        "methodEstablished": "wa-pt-method:P",
        "monumentedBy": {
          "form": "wa-monument-form:drill-hole",
          "condition": "wa-monument-condition:ok",
          "state": "wa-monument-state:new-mark"
        },
        "feature_id": "4273"
      },
      "id": "4273"
    },
    {
      "type": "Feature",
      "geometry": {
        "type": "Point",
        "coordinates": [
          115.7234872080876,
          -32.55239811376779
        ]
      },
      "properties": {
        "name": "",
        "purpose": "wa-surveypoint-purpose:monument",
        "ptQualityMeasure": 0.001,
        "comment": null,
        "methodEstablished": "wa-pt-method:P",
        "monumentedBy": {
          "form": "wa-monument-form:peg",
          "condition": "wa-monument-condition:ok",
          "state": "wa-monument-state:new-mark"
        },
        "feature_id": "4275"
      },
      "id": "4275"
    },
    {
      "type": "Feature",
      "geometry": {
        "type": "Point",
        "coordinates": [
          115.72387632165818,
          -32.55257221915968
        ]
      },
      "properties": {
        "name": "",
        "purpose": "wa-surveypoint-purpose:monument",
        "ptQualityMeasure": 0.001,
        "comment": null,
        "methodEstablished": "wa-pt-method:P",
        "monumentedBy": {
          "form": "wa-monument-form:deck-spike",
          "condition": "wa-monument-condition:ok",
          "state": "wa-monument-state:new-mark"
        },
        "feature_id": "4276"
      },
      "id": "4276"
    },
    {
      "type": "Feature",
      "geometry": {
        "type": "Point",
        "coordinates": [
          115.72387986025434,
          -32.55214834766014
        ]
      },
      "properties": {
        "name": "",
        "purpose": "wa-surveypoint-purpose:monument",
        "ptQualityMeasure": 0.001,
        "comment": null,
        "methodEstablished": "wa-pt-method:P",
        "monumentedBy": {
          "form": "wa-monument-form:peg",
          "condition": "wa-monument-condition:ok",
          "state": "wa-monument-state:new-mark"
        },
        "feature_id": "4277"
      },
      "id": "4277"
    },
    {
      "type": "Feature",
      "geometry": {
        "type": "Point",
        "coordinates": [
          115.72381742597045,
          -32.552092853749365
        ]
      },
      "properties": {
        "name": "",
        "purpose": "wa-surveypoint-purpose:monument",
        "ptQualityMeasure": 0.001,
        "comment": null,
        "methodEstablished": "wa-pt-method:P",
        "monumentedBy": {
          "form": "wa-monument-form:peg",
          "condition": "wa-monument-condition:ok",
          "state": "wa-monument-state:new-mark"
        },
        "feature_id": "4278"
      },
      "id": "4278"
    },
    {
      "type": "Feature",
      "geometry": {
        "type": "Point",
        "coordinates": [
          115.72299333759916,
          -32.55206402739896
        ]
      },
      "properties": {
        "name": "",
        "purpose": "wa-surveypoint-purpose:monument",
        "ptQualityMeasure": 0.001,
        "comment": null,
        "methodEstablished": "wa-pt-method:P",
        "monumentedBy": {
          "form": "wa-monument-form:peg",
          "condition": "wa-monument-condition:ok",
          "state": "wa-monument-state:new-mark"
        },
        "feature_id": "4279"
      },
      "id": "4279"
    },
    {
      "type": "Feature",
      "geometry": {
        "type": "Point",
        "coordinates": [
          115.72298827351086,
          -32.55214787165914
        ]
      },
      "properties": {
        "name": "",
        "purpose": "wa-surveypoint-purpose:monument",
        "ptQualityMeasure": 0.001,
        "comment": null,
        "methodEstablished": "wa-pt-method:P",
        "monumentedBy": {
          "form": "wa-monument-form:peg",
          "condition": "wa-monument-condition:ok",
          "state": "wa-monument-state:new-mark"
        },
        "feature_id": "4280"
      },
      "id": "4280"
    },
    {
      "type": "Feature",
      "geometry": {
        "type": "Point",
        "coordinates": [
          115.72381739417187,
          -32.55254585058683
        ]
      },
      "properties": {
        "name": "",
        "purpose": "wa-surveypoint-purpose:monument",
        "ptQualityMeasure": 0.001,
        "comment": null,
        "methodEstablished": "wa-pt-method:P",
        "monumentedBy": {
          "form": "wa-monument-form:peg",
          "condition": "wa-monument-condition:ok",
          "state": "wa-monument-state:new-mark"
        },
        "feature_id": "4281"
      },
      "id": "4281"
    },
    {
      "type": "Feature",
      "geometry": {
        "type": "Point",
        "coordinates": [
          115.72387679030908,
          -32.552515776292516
        ]
      },
      "properties": {
        "name": "",
        "purpose": "wa-surveypoint-purpose:monument",
        "ptQualityMeasure": 0.001,
        "comment": null,
        "methodEstablished": "wa-pt-method:P",
        "monumentedBy": {
          "form": "wa-monument-form:peg",
          "condition": "wa-monument-condition:ok",
          "state": "wa-monument-state:new-mark"
        },
        "feature_id": "4282"
      },
      "id": "4282"
    },
    {
      "type": "Feature",
      "geometry": {
        "type": "Point",
        "coordinates": [
          115.72280603386596,
          -32.55215415633723
        ]
      },
      "properties": {
        "name": "",
        "purpose": "wa-surveypoint-purpose:monument",
        "ptQualityMeasure": 0.001,
        "comment": null,
        "methodEstablished": "wa-pt-method:P",
        "monumentedBy": {
          "form": "wa-monument-form:peg",
          "condition": "wa-monument-condition:ok",
          "state": "wa-monument-state:new-mark"
        },
        "feature_id": "4289"
      },
      "id": "4289"
    },
    {
      "type": "Feature",
      "geometry": {
        "type": "Point",
        "coordinates": [
          115.72238017005515,
          -32.55221459294734
        ]
      },
      "properties": {
        "name": "",
        "purpose": "wa-surveypoint-purpose:monument",
        "ptQualityMeasure": 0.001,
        "comment": null,
        "methodEstablished": "wa-pt-method:P",
        "monumentedBy": {
          "form": "wa-monument-form:peg",
          "condition": "wa-monument-condition:ok",
          "state": "wa-monument-state:new-mark"
        },
        "feature_id": "4306"
      },
      "id": "4306"
    },
    {
      "type": "Feature",
      "geometry": {
        "type": "Point",
        "coordinates": [
          115.72243838963958,
          -32.552237509324016
        ]
      },
      "properties": {
        "name": "",
        "purpose": "wa-surveypoint-purpose:monument",
        "ptQualityMeasure": 0.001,
        "comment": null,
        "methodEstablished": "wa-pt-method:P",
        "monumentedBy": {
          "form": "wa-monument-form:nail-and-plate",
          "condition": "wa-monument-condition:ok",
          "state": "wa-monument-state:new-mark"
        },
        "feature_id": "4307"
      },
      "id": "4307"
    },
    {
      "type": "Feature",
      "geometry": {
        "type": "Point",
        "coordinates": [
          115.72255791999942,
          -32.551737379370145
        ]
      },
      "properties": {
        "name": "",
        "purpose": "wa-surveypoint-purpose:monument",
        "ptQualityMeasure": 0.001,
        "comment": null,
        "methodEstablished": "wa-pt-method:P",
        "monumentedBy": {
          "form": "wa-monument-form:peg",
          "condition": "wa-monument-condition:ok",
          "state": "wa-monument-state:new-mark"
        },
        "feature_id": "4308"
      },
      "id": "4308"
    },
    {
      "type": "Feature",
      "geometry": {
        "type": "Point",
        "coordinates": [
          115.72249394420456,
          -32.55173514170301
        ]
      },
      "properties": {
        "name": "",
        "purpose": "wa-surveypoint-purpose:monument",
        "ptQualityMeasure": 0.001,
        "comment": null,
        "methodEstablished": "wa-pt-method:P",
        "monumentedBy": {
          "form": "wa-monument-form:peg",
          "condition": "wa-monument-condition:ok",
          "state": "wa-monument-state:new-mark"
        },
        "feature_id": "4309"
      },
      "id": "4309"
    },
    {
      "type": "Feature",
      "geometry": {
        "type": "Point",
        "coordinates": [
          115.7239244405687,
          -32.55318472866579
        ]
      },
      "properties": {
        "name": "",
        "purpose": "wa-surveypoint-purpose:monument",
        "ptQualityMeasure": 0.001,
        "comment": null,
        "methodEstablished": "wa-pt-method:P",
        "monumentedBy": {
          "form": "wa-monument-form:cadastral-point-unmarked",
          "condition": "wa-monument-condition:ok",
          "state": "wa-monument-state:unmarked"
        },
        "feature_id": "4310"
      },
      "id": "4310"
    },
    {
      "type": "Feature",
      "geometry": {
        "type": "Point",
        "coordinates": [
          115.72383682723095,
          -32.553161658885756
        ]
      },
      "properties": {
        "name": "",
        "purpose": "wa-surveypoint-purpose:monument",
        "ptQualityMeasure": 0.001,
        "comment": null,
        "methodEstablished": "wa-pt-method:P",
        "monumentedBy": {
          "form": "wa-monument-form:cadastral-point-unmarked",
          "condition": "wa-monument-condition:ok",
          "state": "wa-monument-state:unmarked"
        },
        "feature_id": "4311"
      },
      "id": "4311"
    },
    {
      "type": "Feature",
      "geometry": {
        "type": "Point",
        "coordinates": [
          115.72267155821261,
          -32.552125260725745
        ]
      },
      "properties": {
        "name": "",
        "purpose": "wa-surveypoint-purpose:monument",
        "ptQualityMeasure": 0.001,
        "comment": null,
        "methodEstablished": "wa-pt-method:P",
        "monumentedBy": {
          "form": "wa-monument-form:peg",
          "condition": "wa-monument-condition:ok",
          "state": "wa-monument-state:new-mark"
        },
        "feature_id": "4312"
      },
      "id": "4312"
    },
    {
      "type": "Feature",
      "geometry": {
        "type": "Point",
        "coordinates": [
          115.72364028274158,
          -32.55307761682885
        ]
      },
      "properties": {
        "name": "",
        "purpose": "wa-surveypoint-purpose:monument",
        "ptQualityMeasure": 0.001,
        "comment": null,
        "methodEstablished": "wa-pt-method:P",
        "monumentedBy": {
          "form": "wa-monument-form:cadastral-point-unmarked",
          "condition": "wa-monument-condition:ok",
          "state": "wa-monument-state:unmarked"
        },
        "feature_id": "4313"
      },
      "id": "4313"
    },
    {
      "type": "Feature",
      "geometry": {
        "type": "Point",
        "coordinates": [
          115.72352147327678,
          -32.55302681807421
        ]
      },
      "properties": {
        "name": "",
        "purpose": "wa-surveypoint-purpose:monument",
        "ptQualityMeasure": 0.001,
        "comment": null,
        "methodEstablished": "wa-pt-method:P",
        "monumentedBy": {
          "form": "wa-monument-form:cadastral-point-unmarked",
          "condition": "wa-monument-condition:ok",
          "state": "wa-monument-state:unmarked"
        },
        "feature_id": "4314"
      },
      "id": "4314"
    },
    {
      "type": "Feature",
      "geometry": {
        "type": "Point",
        "coordinates": [
          115.72325752629779,
          -32.55290647972376
        ]
      },
      "properties": {
        "name": "",
        "purpose": "wa-surveypoint-purpose:monument",
        "ptQualityMeasure": 0.001,
        "comment": null,
        "methodEstablished": "wa-pt-method:P",
        "monumentedBy": {
          "form": "wa-monument-form:cadastral-point-unmarked",
          "condition": "wa-monument-condition:ok",
          "state": "wa-monument-state:unmarked"
        },
        "feature_id": "4315"
      },
      "id": "4315"
    },
    {
      "type": "Feature",
      "geometry": {
        "type": "Point",
        "coordinates": [
          115.72317049236754,
          -32.55286283156339
        ]
      },
      "properties": {
        "name": "",
        "purpose": "wa-surveypoint-purpose:monument",
        "ptQualityMeasure": 0.001,
        "comment": null,
        "methodEstablished": "wa-pt-method:P",
        "monumentedBy": {
          "form": "wa-monument-form:cadastral-point-unmarked",
          "condition": "wa-monument-condition:ok",
          "state": "wa-monument-state:unmarked"
        },
        "feature_id": "4316"
      },
      "id": "4316"
    },
    {
      "type": "Feature",
      "geometry": {
        "type": "Point",
        "coordinates": [
          115.72299643554052,
          -32.55277552615668
        ]
      },
      "properties": {
        "name": "",
        "purpose": "wa-surveypoint-purpose:monument",
        "ptQualityMeasure": 0.001,
        "comment": null,
        "methodEstablished": "wa-pt-method:P",
        "monumentedBy": {
          "form": "wa-monument-form:cadastral-point-unmarked",
          "condition": "wa-monument-condition:ok",
          "state": "wa-monument-state:unmarked"
        },
        "feature_id": "4317"
      },
      "id": "4317"
    },
    {
      "type": "Feature",
      "geometry": {
        "type": "Point",
        "coordinates": [
          115.72290940186724,
          -32.552731877820946
        ]
      },
      "properties": {
        "name": "",
        "purpose": "wa-surveypoint-purpose:monument",
        "ptQualityMeasure": 0.001,
        "comment": null,
        "methodEstablished": "wa-pt-method:P",
        "monumentedBy": {
          "form": "wa-monument-form:cadastral-point-unmarked",
          "condition": "wa-monument-condition:ok",
          "state": "wa-monument-state:unmarked"
        },
        "feature_id": "4318"
      },
      "id": "4318"
    },
    {
      "type": "Feature",
      "geometry": {
        "type": "Point",
        "coordinates": [
          115.72282236827957,
          -32.55268822942675
        ]
      },
      "properties": {
        "name": "",
        "purpose": "wa-surveypoint-purpose:monument",
        "ptQualityMeasure": 0.001,
        "comment": null,
        "methodEstablished": "wa-pt-method:P",
        "monumentedBy": {
          "form": "wa-monument-form:cadastral-point-unmarked",
          "condition": "wa-monument-condition:ok",
          "state": "wa-monument-state:unmarked"
        },
        "feature_id": "4319"
      },
      "id": "4319"
    },
    {
      "type": "Feature",
      "geometry": {
        "type": "Point",
        "coordinates": [
          115.72264831213772,
          -32.55260092355246
        ]
      },
      "properties": {
        "name": "",
        "purpose": "wa-surveypoint-purpose:monument",
        "ptQualityMeasure": 0.001,
        "comment": null,
        "methodEstablished": "wa-pt-method:P",
        "monumentedBy": {
          "form": "wa-monument-form:cadastral-point-unmarked",
          "condition": "wa-monument-condition:ok",
          "state": "wa-monument-state:unmarked"
        },
        "feature_id": "4320"
      },
      "id": "4320"
    },
    {
      "type": "Feature",
      "geometry": {
        "type": "Point",
        "coordinates": [
          115.72230476917706,
          -32.552428612553015
        ]
      },
      "properties": {
        "name": "",
        "purpose": "wa-surveypoint-purpose:monument",
        "ptQualityMeasure": 0.001,
        "comment": null,
        "methodEstablished": "wa-pt-method:P",
        "monumentedBy": {
          "form": "wa-monument-form:cadastral-point-unmarked",
          "condition": "wa-monument-condition:ok",
          "state": "wa-monument-state:unmarked"
        },
        "feature_id": "4321"
      },
      "id": "4321"
    },
    {
      "type": "Feature",
      "geometry": {
        "type": "Point",
        "coordinates": [
          115.72206728475005,
          -32.55230949683274
        ]
      },
      "properties": {
        "name": "",
        "purpose": "wa-surveypoint-purpose:monument",
        "ptQualityMeasure": 0.001,
        "comment": null,
        "methodEstablished": "wa-pt-method:P",
        "monumentedBy": {
          "form": "wa-monument-form:cadastral-point-unmarked",
          "condition": "wa-monument-condition:ok",
          "state": "wa-monument-state:unmarked"
        },
        "feature_id": "4322"
      },
      "id": "4322"
    },
    {
      "type": "Feature",
      "geometry": {
        "type": "Point",
        "coordinates": [
          115.7219912868419,
          -32.552155301817464
        ]
      },
      "properties": {
        "name": "",
        "purpose": "wa-surveypoint-purpose:monument",
        "ptQualityMeasure": 0.001,
        "comment": null,
        "methodEstablished": "wa-pt-method:P",
        "monumentedBy": {
          "form": "wa-monument-form:cadastral-point-unmarked",
          "condition": "wa-monument-condition:ok",
          "state": "wa-monument-state:unmarked"
        },
        "feature_id": "4323"
      },
      "id": "4323"
    },
    {
      "type": "Feature",
      "geometry": {
        "type": "Point",
        "coordinates": [
          115.72201610986909,
          -32.55207132474562
        ]
      },
      "properties": {
        "name": "",
        "purpose": "wa-surveypoint-purpose:monument",
        "ptQualityMeasure": 0.001,
        "comment": null,
        "methodEstablished": "wa-pt-method:P",
        "monumentedBy": {
          "form": "wa-monument-form:cadastral-point-unmarked",
          "condition": "wa-monument-condition:ok",
          "state": "wa-monument-state:unmarked"
        },
        "feature_id": "4324"
      },
      "id": "4324"
    },
    {
      "type": "Feature",
      "geometry": {
        "type": "Point",
        "coordinates": [
          115.72204676187285,
          -32.55196757178588
        ]
      },
      "properties": {
        "name": "",
        "purpose": "wa-surveypoint-purpose:monument",
        "ptQualityMeasure": 0.001,
        "comment": null,
        "methodEstablished": "wa-pt-method:P",
        "monumentedBy": {
          "form": "wa-monument-form:cadastral-point-unmarked",
          "condition": "wa-monument-condition:ok",
          "state": "wa-monument-state:unmarked"
        },
        "feature_id": "4325"
      },
      "id": "4325"
    },
    {
      "type": "Feature",
      "geometry": {
        "type": "Point",
        "coordinates": [
          115.72211932921309,
          -32.55172204346551
        ]
      },
      "properties": {
        "name": "",
        "purpose": "wa-surveypoint-purpose:monument",
        "ptQualityMeasure": 0.001,
        "comment": null,
        "methodEstablished": "wa-pt-method:P",
        "monumentedBy": {
          "form": "wa-monument-form:cadastral-point-unmarked",
          "condition": "wa-monument-condition:ok",
          "state": "wa-monument-state:unmarked"
        },
        "feature_id": "4326"
      },
      "id": "4326"
    },
    {
      "type": "Feature",
      "geometry": {
        "type": "Point",
        "coordinates": [
          115.72215747556861,
          -32.55159295710706
        ]
      },
      "properties": {
        "name": "",
        "purpose": "wa-surveypoint-purpose:monument",
        "ptQualityMeasure": 0.001,
        "comment": null,
        "methodEstablished": "wa-pt-method:P",
        "monumentedBy": {
          "form": "wa-monument-form:cadastral-point-unmarked",
          "condition": "wa-monument-condition:ok",
          "state": "wa-monument-state:unmarked"
        },
        "feature_id": "4327"
      },
      "id": "4327"
    },
    {
      "type": "Feature",
      "geometry": {
        "type": "Point",
        "coordinates": [
          115.72227054055847,
          -32.551521341442445
        ]
      },
      "properties": {
        "name": "",
        "purpose": "wa-surveypoint-purpose:monument",
        "ptQualityMeasure": 0.001,
        "comment": null,
        "methodEstablished": "wa-pt-method:P",
        "monumentedBy": {
          "form": "wa-monument-form:cadastral-point-unmarked",
          "condition": "wa-monument-condition:ok",
          "state": "wa-monument-state:unmarked"
        },
        "feature_id": "4328"
      },
      "id": "4328"
    },
    {
      "type": "Feature",
      "geometry": {
        "type": "Point",
        "coordinates": [
          115.72255963372628,
          -32.551531459485936
        ]
      },
      "properties": {
        "name": "",
        "purpose": "wa-surveypoint-purpose:monument",
        "ptQualityMeasure": 0.001,
        "comment": null,
        "methodEstablished": "wa-pt-method:P",
        "monumentedBy": {
          "form": "wa-monument-form:cadastral-point-unmarked",
          "condition": "wa-monument-condition:ok",
          "state": "wa-monument-state:unmarked"
        },
        "feature_id": "4329"
      },
      "id": "4329"
    },
    {
      "type": "Feature",
      "geometry": {
        "type": "Point",
        "coordinates": [
          115.72285234636027,
          -32.551541694818084
        ]
      },
      "properties": {
        "name": "",
        "purpose": "wa-surveypoint-purpose:monument",
        "ptQualityMeasure": 0.001,
        "comment": null,
        "methodEstablished": "wa-pt-method:P",
        "monumentedBy": {
          "form": "wa-monument-form:cadastral-point-unmarked",
          "condition": "wa-monument-condition:ok",
          "state": "wa-monument-state:unmarked"
        },
        "feature_id": "4330"
      },
      "id": "4330"
    },
    {
      "type": "Feature",
      "geometry": {
        "type": "Point",
        "coordinates": [
          115.72328876480536,
          -32.55155696099024
        ]
      },
      "properties": {
        "name": "",
        "purpose": "wa-surveypoint-purpose:monument",
        "ptQualityMeasure": 0.001,
        "comment": null,
        "methodEstablished": "wa-pt-method:P",
        "monumentedBy": {
          "form": "wa-monument-form:cadastral-point-unmarked",
          "condition": "wa-monument-condition:ok",
          "state": "wa-monument-state:unmarked"
        },
        "feature_id": "4331"
      },
      "id": "4331"
    },
    {
      "type": "Feature",
      "geometry": {
        "type": "Point",
        "coordinates": [
          115.72338988037527,
          -32.5515605044894
        ]
      },
      "properties": {
        "name": "",
        "purpose": "wa-surveypoint-purpose:monument",
        "ptQualityMeasure": 0.001,
        "comment": null,
        "methodEstablished": "wa-pt-method:P",
        "monumentedBy": {
          "form": "wa-monument-form:cadastral-point-unmarked",
          "condition": "wa-monument-condition:ok",
          "state": "wa-monument-state:unmarked"
        },
        "feature_id": "4332"
      },
      "id": "4332"
    },
    {
      "type": "Feature",
      "geometry": {
        "type": "Point",
        "coordinates": [
          115.72349100673223,
          -32.55156403899677
        ]
      },
      "properties": {
        "name": "",
        "purpose": "wa-surveypoint-purpose:monument",
        "ptQualityMeasure": 0.001,
        "comment": null,
        "methodEstablished": "wa-pt-method:P",
        "monumentedBy": {
          "form": "wa-monument-form:cadastral-point-unmarked",
          "condition": "wa-monument-condition:ok",
          "state": "wa-monument-state:unmarked"
        },
        "feature_id": "4334"
      },
      "id": "4334"
    },
    {
      "type": "Feature",
      "geometry": {
        "type": "Point",
        "coordinates": [
          115.72383181438057,
          -32.55152620535432
        ]
      },
      "properties": {
        "name": "",
        "purpose": "wa-surveypoint-purpose:monument",
        "ptQualityMeasure": 0.001,
        "comment": null,
        "methodEstablished": "wa-pt-method:P",
        "monumentedBy": {
          "form": "wa-monument-form:cadastral-point-unmarked",
          "condition": "wa-monument-condition:ok",
          "state": "wa-monument-state:unmarked"
        },
        "feature_id": "4336"
      },
      "id": "4336"
    },
    {
      "type": "Feature",
      "geometry": {
        "type": "Point",
        "coordinates": [
          115.7238332170627,
          -32.5513578598811
        ]
      },
      "properties": {
        "name": "",
        "purpose": "wa-surveypoint-purpose:monument",
        "ptQualityMeasure": 0.001,
        "comment": null,
        "methodEstablished": "wa-pt-method:P",
        "monumentedBy": {
          "form": "wa-monument-form:cadastral-point-unmarked",
          "condition": "wa-monument-condition:ok",
          "state": "wa-monument-state:unmarked"
        },
        "feature_id": "4337"
      },
      "id": "4337"
    },
    {
      "type": "Feature",
      "geometry": {
        "type": "Point",
        "coordinates": [
          115.72367222429268,
          -32.55135222953002
        ]
      },
      "properties": {
        "name": "",
        "purpose": "wa-surveypoint-purpose:monument",
        "ptQualityMeasure": 0.001,
        "comment": null,
        "methodEstablished": "wa-pt-method:P",
        "monumentedBy": {
          "form": "wa-monument-form:cadastral-point-unmarked",
          "condition": "wa-monument-condition:ok",
          "state": "wa-monument-state:unmarked"
        },
        "feature_id": "4338"
      },
      "id": "4338"
    },
    {
      "type": "Feature",
      "geometry": {
        "type": "Point",
        "coordinates": [
          115.72252369828348,
          -32.55126847485993
        ]
      },
      "properties": {
        "name": "",
        "purpose": "wa-surveypoint-purpose:monument",
        "ptQualityMeasure": 0.001,
        "comment": null,
        "methodEstablished": "wa-pt-method:P",
        "monumentedBy": {
          "form": "wa-monument-form:cadastral-point-unmarked",
          "condition": "wa-monument-condition:ok",
          "state": "wa-monument-state:unmarked"
        },
        "feature_id": "4344"
      },
      "id": "4344"
    },
    {
      "type": "Feature",
      "geometry": {
        "type": "Point",
        "coordinates": [
          115.7223709032137,
          -32.551216463750585
        ]
      },
      "properties": {
        "name": "",
        "purpose": "wa-surveypoint-purpose:monument",
        "ptQualityMeasure": 0.001,
        "comment": null,
        "methodEstablished": "wa-pt-method:P",
        "monumentedBy": {
          "form": "wa-monument-form:cadastral-point-unmarked",
          "condition": "wa-monument-condition:ok",
          "state": "wa-monument-state:unmarked"
        },
        "feature_id": "4345"
      },
      "id": "4345"
    },
    {
      "type": "Feature",
      "geometry": {
        "type": "Point",
        "coordinates": [
          115.72200313526147,
          -32.551203588127784
        ]
      },
      "properties": {
        "name": "",
        "purpose": "wa-surveypoint-purpose:monument",
        "ptQualityMeasure": 0.001,
        "comment": null,
        "methodEstablished": "wa-pt-method:P",
        "monumentedBy": {
          "form": "wa-monument-form:cadastral-point-unmarked",
          "condition": "wa-monument-condition:ok",
          "state": "wa-monument-state:unmarked"
        },
        "feature_id": "4347"
      },
      "id": "4347"
    },
    {
      "type": "Feature",
      "geometry": {
        "type": "Point",
        "coordinates": [
          115.72195524645171,
          -32.55120025092525
        ]
      },
      "properties": {
        "name": "",
        "purpose": "wa-surveypoint-purpose:monument",
        "ptQualityMeasure": 0.001,
        "comment": null,
        "methodEstablished": "wa-pt-method:P",
        "monumentedBy": {
          "form": "wa-monument-form:cadastral-point-unmarked",
          "condition": "wa-monument-condition:ok",
          "state": "wa-monument-state:unmarked"
        },
        "feature_id": "4348"
      },
      "id": "4348"
    },
    {
      "type": "Feature",
      "geometry": {
        "type": "Point",
        "coordinates": [
          115.72253379416223,
          -32.552543483611494
        ]
      },
      "properties": {
        "name": "",
        "purpose": "wa-surveypoint-purpose:monument",
        "ptQualityMeasure": 0.001,
        "comment": null,
        "methodEstablished": "wa-pt-method:P",
        "monumentedBy": {
          "form": "wa-monument-form:cadastral-point-unmarked",
          "condition": "wa-monument-condition:ok",
          "state": "wa-monument-state:unmarked"
        },
        "feature_id": "4351"
      },
      "id": "4351"
    },
    {
      "type": "Feature",
      "geometry": {
        "type": "Point",
        "coordinates": [
          115.72174602213433,
          -32.55190819276434
        ]
      },
      "properties": {
        "name": "",
        "purpose": "wa-surveypoint-purpose:monument",
        "ptQualityMeasure": 0.001,
        "comment": null,
        "methodEstablished": "wa-pt-method:P",
        "monumentedBy": {
          "form": "wa-monument-form:cadastral-point-unmarked",
          "condition": "wa-monument-condition:ok",
          "state": "wa-monument-state:unmarked"
        },
        "feature_id": "4355"
      },
      "id": "4355"
    },
    {
      "type": "Feature",
      "geometry": {
        "type": "Point",
        "coordinates": [
          115.72148125327342,
          -32.55201071933709
        ]
      },
      "properties": {
        "name": "",
        "purpose": "wa-surveypoint-purpose:monument",
        "ptQualityMeasure": 0.001,
        "comment": null,
        "methodEstablished": "wa-pt-method:P",
        "monumentedBy": {
          "form": "wa-monument-form:cadastral-point-unmarked",
          "condition": "wa-monument-condition:ok",
          "state": "wa-monument-state:unmarked"
        },
        "feature_id": "4356"
      },
      "id": "4356"
    },
    {
      "type": "Feature",
      "geometry": {
        "type": "Point",
        "coordinates": [
          115.72241927620726,
          -32.55248605258813
        ]
      },
      "properties": {
        "name": "",
        "purpose": "wa-surveypoint-purpose:monument",
        "ptQualityMeasure": 0.001,
        "comment": null,
        "methodEstablished": "wa-pt-method:P",
        "monumentedBy": {
          "form": "wa-monument-form:cadastral-point-unmarked",
          "condition": "wa-monument-condition:ok",
          "state": "wa-monument-state:unmarked"
        },
        "feature_id": "4357"
      },
      "id": "4357"
    },
    {
      "type": "Feature",
      "geometry": {
        "type": "Point",
        "coordinates": [
          115.72079367197068,
          -32.55181135333291
        ]
      },
      "properties": {
        "name": "",
        "purpose": "wa-surveypoint-purpose:monument",
        "ptQualityMeasure": 0.001,
        "comment": null,
        "methodEstablished": "wa-pt-method:P",
        "monumentedBy": {
          "form": "wa-monument-form:cadastral-point-unmarked",
          "condition": "wa-monument-condition:ok",
          "state": "wa-monument-state:unmarked"
        },
        "feature_id": "4363"
      },
      "id": "4363"
    },
    {
      "type": "Feature",
      "geometry": {
        "type": "Point",
        "coordinates": [
          115.72065454717905,
          -32.551568253751384
        ]
      },
      "properties": {
        "name": "",
        "purpose": "wa-surveypoint-purpose:monument",
        "ptQualityMeasure": 0.001,
        "comment": null,
        "methodEstablished": "wa-pt-method:P",
        "monumentedBy": {
          "form": "wa-monument-form:cadastral-point-unmarked",
          "condition": "wa-monument-condition:ok",
          "state": "wa-monument-state:unmarked"
        },
        "feature_id": "4364"
      },
      "id": "4364"
    },
    {
      "type": "Feature",
      "geometry": {
        "type": "Point",
        "coordinates": [
          115.72277730971304,
          -32.551939150670826
        ]
      },
      "properties": {
        "name": "",
        "purpose": "wa-surveypoint-purpose:monument",
        "ptQualityMeasure": 0.001,
        "comment": null,
        "methodEstablished": "wa-pt-method:P",
        "monumentedBy": {
          "form": "wa-monument-form:peg",
          "condition": "wa-monument-condition:ok",
          "state": "wa-monument-state:new-mark"
        },
        "feature_id": "4366"
      },
      "id": "4366"
    },
    {
      "type": "Feature",
      "geometry": {
        "type": "Point",
        "coordinates": [
          115.72102846062144,
          -32.550480386268205
        ]
      },
      "properties": {
        "name": "",
        "purpose": "wa-surveypoint-purpose:monument",
        "ptQualityMeasure": 0.001,
        "comment": null,
        "methodEstablished": "wa-pt-method:P",
        "monumentedBy": {
          "form": "wa-monument-form:cadastral-point-unmarked",
          "condition": "wa-monument-condition:ok",
          "state": "wa-monument-state:unmarked"
        },
        "feature_id": "4374"
      },
      "id": "4374"
    },
    {
      "type": "Feature",
      "geometry": {
        "type": "Point",
        "coordinates": [
          115.72128806858782,
          -32.55030666675207
        ]
      },
      "properties": {
        "name": "",
        "purpose": "wa-surveypoint-purpose:monument",
        "ptQualityMeasure": 0.001,
        "comment": null,
        "methodEstablished": "wa-pt-method:P",
        "monumentedBy": {
          "form": "wa-monument-form:cadastral-point-unmarked",
          "condition": "wa-monument-condition:ok",
          "state": "wa-monument-state:unmarked"
        },
        "feature_id": "4375"
      },
      "id": "4375"
    },
    {
      "type": "Feature",
      "geometry": {
        "type": "Point",
        "coordinates": [
          115.72194766555582,
          -32.550299140637094
        ]
      },
      "properties": {
        "name": "",
        "purpose": "wa-surveypoint-purpose:monument",
        "ptQualityMeasure": 0.001,
        "comment": null,
        "methodEstablished": "wa-pt-method:P",
        "monumentedBy": {
          "form": "wa-monument-form:cadastral-point-unmarked",
          "condition": "wa-monument-condition:ok",
          "state": "wa-monument-state:unmarked"
        },
        "feature_id": "4379"
      },
      "id": "4379"
    },
    {
      "type": "Feature",
      "geometry": {
        "type": "Point",
        "coordinates": [
          115.72355422035128,
          -32.550355368321135
        ]
      },
      "properties": {
        "name": "",
        "purpose": "wa-surveypoint-purpose:monument",
        "ptQualityMeasure": 0.001,
        "comment": null,
        "methodEstablished": "wa-pt-method:P",
        "monumentedBy": {
          "form": "wa-monument-form:cadastral-point-unmarked",
          "condition": "wa-monument-condition:ok",
          "state": "wa-monument-state:unmarked"
        },
        "feature_id": "4388"
      },
      "id": "4388"
    },
    {
      "type": "Feature",
      "geometry": {
        "type": "Point",
        "coordinates": [
          115.72368235626905,
          -32.550312074059434
        ]
      },
      "properties": {
        "name": "",
        "purpose": "wa-surveypoint-purpose:monument",
        "ptQualityMeasure": 0.001,
        "comment": null,
        "methodEstablished": "wa-pt-method:P",
        "monumentedBy": {
          "form": "wa-monument-form:peg",
          "condition": "wa-monument-condition:ok",
          "state": "wa-monument-state:new-mark"
        },
        "feature_id": "4389"
      },
      "id": "4389"
    },
    {
      "type": "Feature",
      "geometry": {
        "type": "Point",
        "coordinates": [
          115.72049888266203,
          -32.55127492427998
        ]
      },
      "properties": {
        "name": "",
        "purpose": "wa-surveypoint-purpose:monument",
        "ptQualityMeasure": 0.001,
        "comment": null,
        "methodEstablished": "wa-pt-method:P",
        "monumentedBy": {
          "form": "wa-monument-form:cadastral-point-unmarked",
          "condition": "wa-monument-condition:ok",
          "state": "wa-monument-state:unmarked"
        },
        "feature_id": "4396"
      },
      "id": "4396"
    },
    {
      "type": "Feature",
      "geometry": {
        "type": "Point",
        "coordinates": [
          115.7200387595763,
          -32.55158150476989
        ]
      },
      "properties": {
        "name": "",
        "purpose": "wa-surveypoint-purpose:monument",
        "ptQualityMeasure": 0.001,
        "comment": null,
        "methodEstablished": "wa-pt-method:P",
        "monumentedBy": {
          "form": "wa-monument-form:cadastral-point-unmarked",
          "condition": "wa-monument-condition:ok",
          "state": "wa-monument-state:unmarked"
        },
        "feature_id": "4397"
      },
      "id": "4397"
    },
    {
      "type": "Feature",
      "geometry": {
        "type": "Point",
        "coordinates": [
          115.71897057107549,
          -32.55159803596867
        ]
      },
      "properties": {
        "name": "",
        "purpose": "wa-surveypoint-purpose:monument",
        "ptQualityMeasure": 0.001,
        "comment": null,
        "methodEstablished": "wa-pt-method:P",
        "monumentedBy": {
          "form": "wa-monument-form:cadastral-point-unmarked",
          "condition": "wa-monument-condition:ok",
          "state": "wa-monument-state:unmarked"
        },
        "feature_id": "4399"
      },
      "id": "4399"
    },
    {
      "type": "Feature",
      "geometry": {
        "type": "Point",
        "coordinates": [
          115.72386045501287,
          -32.551921873066966
        ]
      },
      "properties": {
        "name": "",
        "purpose": "wa-surveypoint-purpose:monument",
        "ptQualityMeasure": 0.001,
        "comment": null,
        "methodEstablished": "wa-pt-method:P",
        "monumentedBy": {
          "form": "wa-monument-form:nail-and-plate",
          "condition": "wa-monument-condition:ok",
          "state": "wa-monument-state:new-mark"
        },
        "feature_id": "4400"
      },
      "id": "4400"
    },
    {
      "type": "Feature",
      "geometry": {
        "type": "Point",
        "coordinates": [
          115.72379493229776,
          -32.551974742034226
        ]
      },
      "properties": {
        "name": "",
        "purpose": "wa-surveypoint-purpose:monument",
        "ptQualityMeasure": 0.001,
        "comment": null,
        "methodEstablished": "wa-pt-method:P",
        "monumentedBy": {
          "form": "wa-monument-form:peg",
          "condition": "wa-monument-condition:ok",
          "state": "wa-monument-state:new-mark"
        },
        "feature_id": "4401"
      },
      "id": "4401"
    },
    {
      "type": "Feature",
      "geometry": {
        "type": "Point",
        "coordinates": [
          115.72335851952867,
          -32.55295713386842
        ]
      },
      "properties": {
        "name": "",
        "purpose": "wa-surveypoint-purpose:monument",
        "ptQualityMeasure": 0.001,
        "comment": null,
        "methodEstablished": "wa-pt-method:P",
        "monumentedBy": {
          "form": "wa-monument-form:cadastral-point-unmarked",
          "condition": "wa-monument-condition:ok",
          "state": "wa-monument-state:unmarked"
        },
        "feature_id": "4421"
      },
      "id": "4421"
    },
    {
      "type": "Feature",
      "geometry": {
        "type": "Point",
        "coordinates": [
          115.72251925492803,
          -32.55212187297039
        ]
      },
      "properties": {
        "name": "",
        "purpose": "wa-surveypoint-purpose:monument",
        "ptQualityMeasure": 0.001,
        "comment": null,
        "methodEstablished": "wa-pt-method:P",
        "monumentedBy": {
          "form": "wa-monument-form:nail-and-plate",
          "condition": "wa-monument-condition:ok",
          "state": "wa-monument-state:new-mark"
        },
        "feature_id": "4423"
      },
      "id": "4423"
    },
    {
      "type": "Feature",
      "geometry": {
        "type": "Point",
        "coordinates": [
          115.72075260812124,
          -32.55140724218867
        ]
      },
      "properties": {
        "name": "",
        "purpose": "wa-surveypoint-purpose:monument",
        "ptQualityMeasure": 0.001,
        "comment": null,
        "methodEstablished": "wa-pt-method:P",
        "monumentedBy": {
          "form": "wa-monument-form:cadastral-point-unmarked",
          "condition": "wa-monument-condition:ok",
          "state": "wa-monument-state:unmarked"
        },
        "feature_id": "4424"
      },
      "id": "4424"
    },
    {
      "type": "Feature",
      "geometry": {
        "type": "Point",
        "coordinates": [
          115.72383137727331,
          -32.551578914238384
        ]
      },
      "properties": {
        "name": "",
        "purpose": "wa-surveypoint-purpose:monument",
        "ptQualityMeasure": 0.001,
        "comment": "In top of wall",
        "methodEstablished": "wa-pt-method:P",
        "monumentedBy": {
          "form": "wa-monument-form:nail",
          "condition": "wa-monument-condition:ok",
          "state": "wa-monument-state:new-mark"
        },
        "feature_id": "4428"
      },
      "id": "4428"
    },
    {
      "type": "Feature",
      "geometry": {
        "type": "Point",
        "coordinates": [
          115.72255675363822,
          -32.55187684491108
        ]
      },
      "properties": {
        "name": "",
        "purpose": "wa-surveypoint-purpose:monument",
        "ptQualityMeasure": 0.001,
        "comment": null,
        "methodEstablished": "wa-pt-method:P",
        "monumentedBy": {
          "form": "wa-monument-form:nail-and-plate",
          "condition": "wa-monument-condition:ok",
          "state": "wa-monument-state:new-mark"
        },
        "feature_id": "4499"
      },
      "id": "4499"
    },
    {
      "type": "Feature",
      "geometry": {
        "type": "Point",
        "coordinates": [
          115.72256691081081,
          -32.55188834048001
        ]
      },
      "properties": {
        "name": "",
        "purpose": "wa-surveypoint-purpose:monument",
        "ptQualityMeasure": 0.001,
        "comment": null,
        "methodEstablished": "wa-pt-method:P",
        "monumentedBy": {
          "form": "wa-monument-form:peg",
          "condition": "wa-monument-condition:ok",
          "state": "wa-monument-state:new-mark"
        },
        "feature_id": "4500"
      },
      "id": "4500"
    },
    {
      "type": "Feature",
      "geometry": {
        "type": "Point",
        "coordinates": [
          115.71968982183009,
          -32.55158425644478
        ]
      },
      "properties": {
        "name": "",
        "purpose": "wa-surveypoint-purpose:monument",
        "ptQualityMeasure": 0.001,
        "comment": null,
        "methodEstablished": "wa-pt-method:P",
        "monumentedBy": {
          "form": "wa-monument-form:cadastral-point-unmarked",
          "condition": "wa-monument-condition:ok",
          "state": "wa-monument-state:unmarked"
        },
        "feature_id": "4515"
      },
      "id": "4515"
    },
    {
      "type": "Feature",
      "geometry": {
        "type": "Point",
        "coordinates": [
          115.71966857875616,
          -32.55158847796201
        ]
      },
      "properties": {
        "name": "",
        "purpose": "wa-surveypoint-purpose:monument",
        "ptQualityMeasure": 0.001,
        "comment": null,
        "methodEstablished": "wa-pt-method:P",
        "monumentedBy": {
          "form": "wa-monument-form:cadastral-point-unmarked",
          "condition": "wa-monument-condition:ok",
          "state": "wa-monument-state:unmarked"
        },
        "feature_id": "4516"
      },
      "id": "4516"
    },
    {
      "type": "Feature",
      "geometry": {
        "type": "Point",
        "coordinates": [
          115.72387957980405,
          -32.55218171006977
        ]
      },
      "properties": {
        "name": "",
        "purpose": "wa-surveypoint-purpose:monument",
        "ptQualityMeasure": 0.001,
        "comment": null,
        "methodEstablished": "wa-pt-method:P",
        "monumentedBy": {
          "form": "wa-monument-form:peg",
          "condition": "wa-monument-condition:ok",
          "state": "wa-monument-state:new-mark"
        },
        "feature_id": "4537"
      },
      "id": "4537"
    },
    {
      "type": "Feature",
      "geometry": {
        "type": "Point",
        "coordinates": [
          115.7238372736029,
          -32.552148095736705
        ]
      },
      "properties": {
        "name": "",
        "purpose": "wa-surveypoint-purpose:monument",
        "ptQualityMeasure": 0.001,
        "comment": null,
        "methodEstablished": "wa-pt-method:P",
        "monumentedBy": {
          "form": "wa-monument-form:peg",
          "condition": "wa-monument-condition:ok",
          "state": "wa-monument-state:new-mark"
        },
        "feature_id": "4538"
      },
      "id": "4538"
    },
    {
      "type": "Feature",
      "geometry": {
        "type": "Point",
        "coordinates": [
          115.72383699313683,
          -32.55218145814584
        ]
      },
      "properties": {
        "name": "",
        "purpose": "wa-surveypoint-purpose:monument",
        "ptQualityMeasure": 0.001,
        "comment": null,
        "methodEstablished": "wa-pt-method:P",
        "monumentedBy": {
          "form": "wa-monument-form:peg",
          "condition": "wa-monument-condition:ok",
          "state": "wa-monument-state:new-mark"
        },
        "feature_id": "4539"
      },
      "id": "4539"
    },
    {
      "type": "Feature",
      "geometry": {
        "type": "Point",
        "coordinates": [
          115.72362999453011,
          -32.55259458665194
        ]
      },
      "properties": {
        "name": "",
        "purpose": "wa-surveypoint-purpose:monument",
        "ptQualityMeasure": 0.001,
        "comment": null,
        "methodEstablished": "wa-pt-method:P",
        "monumentedBy": {
          "form": "wa-monument-form:peg",
          "condition": "wa-monument-condition:ok",
          "state": "wa-monument-state:new-mark"
        },
        "feature_id": "4540"
      },
      "id": "4540"
    },
    {
      "type": "Feature",
      "geometry": {
        "type": "Point",
        "coordinates": [
          115.7233869752832,
          -32.55296930229125
        ]
      },
      "properties": {
        "name": "",
        "purpose": "wa-surveypoint-purpose:monument",
        "ptQualityMeasure": 0.001,
        "comment": null,
        "methodEstablished": "wa-pt-method:P",
        "monumentedBy": {
          "form": "wa-monument-form:cadastral-point-unmarked",
          "condition": "wa-monument-condition:ok",
          "state": "wa-monument-state:unmarked"
        },
        "feature_id": "4542"
      },
      "id": "4542"
    },
    {
      "type": "Feature",
      "geometry": {
        "type": "Point",
        "coordinates": [
          115.72333573889556,
          -32.55245839012443
        ]
      },
      "properties": {
        "name": "",
        "purpose": "wa-surveypoint-purpose:monument",
        "ptQualityMeasure": 0.001,
        "comment": null,
        "methodEstablished": "wa-pt-method:P",
        "monumentedBy": {
          "form": "wa-monument-form:peg",
          "condition": "wa-monument-condition:ok",
          "state": "wa-monument-state:new-mark"
        },
        "feature_id": "4543"
      },
      "id": "4543"
    },
    {
      "type": "Feature",
      "geometry": {
        "type": "Point",
        "coordinates": [
          115.72308346917174,
          -32.552819183452726
        ]
      },
      "properties": {
        "name": "",
        "purpose": "wa-surveypoint-purpose:monument",
        "ptQualityMeasure": 0.001,
        "comment": null,
        "methodEstablished": "wa-pt-method:P",
        "monumentedBy": {
          "form": "wa-monument-form:cadastral-point-unmarked",
          "condition": "wa-monument-condition:ok",
          "state": "wa-monument-state:unmarked"
        },
        "feature_id": "4545"
      },
      "id": "4545"
    },
    {
      "type": "Feature",
      "geometry": {
        "type": "Point",
        "coordinates": [
          115.72307464929402,
          -32.55232743674037
        ]
      },
      "properties": {
        "name": "",
        "purpose": "wa-surveypoint-purpose:monument",
        "ptQualityMeasure": 0.001,
        "comment": null,
        "methodEstablished": "wa-pt-method:P",
        "monumentedBy": {
          "form": "wa-monument-form:peg",
          "condition": "wa-monument-condition:ok",
          "state": "wa-monument-state:new-mark"
        },
        "feature_id": "4546"
      },
      "id": "4546"
    },
    {
      "type": "Feature",
      "geometry": {
        "type": "Point",
        "coordinates": [
          115.72290058293135,
          -32.55224013111368
        ]
      },
      "properties": {
        "name": "",
        "purpose": "wa-surveypoint-purpose:monument",
        "ptQualityMeasure": 0.001,
        "comment": null,
        "methodEstablished": "wa-pt-method:P",
        "monumentedBy": {
          "form": "wa-monument-form:peg",
          "condition": "wa-monument-condition:ok",
          "state": "wa-monument-state:new-mark"
        },
        "feature_id": "4547"
      },
      "id": "4547"
    },
    {
      "type": "Feature",
      "geometry": {
        "type": "Point",
        "coordinates": [
          115.72273533490531,
          -32.552644571955355
        ]
      },
      "properties": {
        "name": "",
        "purpose": "wa-surveypoint-purpose:monument",
        "ptQualityMeasure": 0.001,
        "comment": null,
        "methodEstablished": "wa-pt-method:P",
        "monumentedBy": {
          "form": "wa-monument-form:cadastral-point-unmarked",
          "condition": "wa-monument-condition:ok",
          "state": "wa-monument-state:unmarked"
        },
        "feature_id": "4549"
      },
      "id": "4549"
    },
    {
      "type": "Feature",
      "geometry": {
        "type": "Point",
        "coordinates": [
          115.72372548172495,
          -32.55152556782892
        ]
      },
      "properties": {
        "name": "",
        "purpose": "wa-surveypoint-purpose:monument",
        "ptQualityMeasure": 0.001,
        "comment": null,
        "methodEstablished": "wa-pt-method:P",
        "monumentedBy": {
          "form": "wa-monument-form:cadastral-point-unmarked",
          "condition": "wa-monument-condition:ok",
          "state": "wa-monument-state:unmarked"
        },
        "feature_id": "4551"
      },
      "id": "4551"
    },
    {
      "type": "Feature",
      "geometry": {
        "type": "Point",
        "coordinates": [
          115.72359212245134,
          -32.55156757331485
        ]
      },
      "properties": {
        "name": "",
        "purpose": "wa-surveypoint-purpose:monument",
        "ptQualityMeasure": 0.001,
        "comment": null,
        "methodEstablished": "wa-pt-method:P",
        "monumentedBy": {
          "form": "wa-monument-form:cadastral-point-unmarked",
          "condition": "wa-monument-condition:ok",
          "state": "wa-monument-state:unmarked"
        },
        "feature_id": "4552"
      },
      "id": "4552"
    },
    {
      "type": "Feature",
      "geometry": {
        "type": "Point",
        "coordinates": [
          115.72318429685383,
          -32.55195338757521
        ]
      },
      "properties": {
        "name": "",
        "purpose": "wa-surveypoint-purpose:monument",
        "ptQualityMeasure": 0.001,
        "comment": null,
        "methodEstablished": "wa-pt-method:P",
        "monumentedBy": {
          "form": "wa-monument-form:peg",
          "condition": "wa-monument-condition:ok",
          "state": "wa-monument-state:new-mark"
        },
        "feature_id": "4553"
      },
      "id": "4553"
    },
    {
      "type": "Feature",
      "geometry": {
        "type": "Point",
        "coordinates": [
          115.72318763846992,
          -32.551553426320524
        ]
      },
      "properties": {
        "name": "",
        "purpose": "wa-surveypoint-purpose:monument",
        "ptQualityMeasure": 0.001,
        "comment": null,
        "methodEstablished": "wa-pt-method:P",
        "monumentedBy": {
          "form": "wa-monument-form:cadastral-point-unmarked",
          "condition": "wa-monument-condition:ok",
          "state": "wa-monument-state:unmarked"
        },
        "feature_id": "4555"
      },
      "id": "4555"
    },
    {
      "type": "Feature",
      "geometry": {
        "type": "Point",
        "coordinates": [
          115.7230831808577,
          -32.55194984390002
        ]
      },
      "properties": {
        "name": "",
        "purpose": "wa-surveypoint-purpose:monument",
        "ptQualityMeasure": 0.001,
        "comment": null,
        "methodEstablished": "wa-pt-method:P",
        "monumentedBy": {
          "form": "wa-monument-form:peg",
          "condition": "wa-monument-condition:ok",
          "state": "wa-monument-state:new-mark"
        },
        "feature_id": "4556"
      },
      "id": "4556"
    },
    {
      "type": "Feature",
      "geometry": {
        "type": "Point",
        "coordinates": [
          115.72308652279388,
          -32.55154989167783
        ]
      },
      "properties": {
        "name": "",
        "purpose": "wa-surveypoint-purpose:monument",
        "ptQualityMeasure": 0.001,
        "comment": null,
        "methodEstablished": "wa-pt-method:P",
        "monumentedBy": {
          "form": "wa-monument-form:cadastral-point-unmarked",
          "condition": "wa-monument-condition:ok",
          "state": "wa-monument-state:unmarked"
        },
        "feature_id": "4558"
      },
      "id": "4558"
    },
    {
      "type": "Feature",
      "geometry": {
        "type": "Point",
        "coordinates": [
          115.72298206474458,
          -32.55194630916247
        ]
      },
      "properties": {
        "name": "",
        "purpose": "wa-surveypoint-purpose:monument",
        "ptQualityMeasure": 0.001,
        "comment": null,
        "methodEstablished": "wa-pt-method:P",
        "monumentedBy": {
          "form": "wa-monument-form:peg",
          "condition": "wa-monument-condition:ok",
          "state": "wa-monument-state:new-mark"
        },
        "feature_id": "4559"
      },
      "id": "4559"
    },
    {
      "type": "Feature",
      "geometry": {
        "type": "Point",
        "coordinates": [
          115.72298540712858,
          -32.55154635695398
        ]
      },
      "properties": {
        "name": "",
        "purpose": "wa-surveypoint-purpose:monument",
        "ptQualityMeasure": 0.001,
        "comment": null,
        "methodEstablished": "wa-pt-method:P",
        "monumentedBy": {
          "form": "wa-monument-form:cadastral-point-unmarked",
          "condition": "wa-monument-condition:ok",
          "state": "wa-monument-state:unmarked"
        },
        "feature_id": "4561"
      },
      "id": "4561"
    },
    {
      "type": "Feature",
      "geometry": {
        "type": "Point",
        "coordinates": [
          115.72271605700827,
          -32.55192435777946
        ]
      },
      "properties": {
        "name": "",
        "purpose": "wa-surveypoint-purpose:monument",
        "ptQualityMeasure": 0.001,
        "comment": null,
        "methodEstablished": "wa-pt-method:P",
        "monumentedBy": {
          "form": "wa-monument-form:peg",
          "condition": "wa-monument-condition:ok",
          "state": "wa-monument-state:new-mark"
        },
        "feature_id": "4562"
      },
      "id": "4562"
    },
    {
      "type": "Feature",
      "geometry": {
        "type": "Point",
        "coordinates": [
          115.71908107239197,
          -32.55159310951346
        ]
      },
      "properties": {
        "name": "",
        "purpose": "wa-surveypoint-purpose:monument",
        "ptQualityMeasure": 0.001,
        "comment": null,
        "methodEstablished": "wa-pt-method:P",
        "monumentedBy": {
          "form": "wa-monument-form:cadastral-point-unmarked",
          "condition": "wa-monument-condition:ok",
          "state": "wa-monument-state:unmarked"
        },
        "feature_id": "4566"
      },
      "id": "4566"
    },
    {
      "type": "Feature",
      "geometry": {
        "type": "Point",
        "coordinates": [
          115.71905982929103,
          -32.55159733092704
        ]
      },
      "properties": {
        "name": "",
        "purpose": "wa-surveypoint-purpose:monument",
        "ptQualityMeasure": 0.001,
        "comment": null,
        "methodEstablished": "wa-pt-method:P",
        "monumentedBy": {
          "form": "wa-monument-form:cadastral-point-unmarked",
          "condition": "wa-monument-condition:ok",
          "state": "wa-monument-state:unmarked"
        },
        "feature_id": "4568"
      },
      "id": "4568"
    },
    {
      "type": "Feature",
      "geometry": {
        "type": "Point",
        "coordinates": [
          115.72241004945016,
          -32.54966893555993
        ]
      },
      "properties": {
        "name": "",
        "purpose": "wa-surveypoint-purpose:monument",
        "ptQualityMeasure": 0.001,
        "comment": null,
        "methodEstablished": "wa-pt-method:P",
        "monumentedBy": {
          "form": "wa-monument-form:cadastral-point-unmarked",
          "condition": "wa-monument-condition:ok",
          "state": "wa-monument-state:unmarked"
        },
        "feature_id": "4600"
      },
      "id": "4600"
    },
    {
      "type": "Feature",
      "geometry": {
        "type": "Point",
        "coordinates": [
          115.72240682727558,
          -32.550053482762614
        ]
      },
      "properties": {
        "name": "",
        "purpose": "wa-surveypoint-purpose:monument",
        "ptQualityMeasure": 0.001,
        "comment": null,
        "methodEstablished": "wa-pt-method:P",
        "monumentedBy": {
          "form": "wa-monument-form:cadastral-point-unmarked",
          "condition": "wa-monument-condition:ok",
          "state": "wa-monument-state:unmarked"
        },
        "feature_id": "4601"
      },
      "id": "4601"
    },
    {
      "type": "Feature",
      "geometry": {
        "type": "Point",
        "coordinates": [
          115.72241125332451,
          -32.54952457245657
        ]
      },
      "properties": {
        "name": "",
        "purpose": "wa-surveypoint-purpose:monument",
        "ptQualityMeasure": 0.001,
        "comment": null,
        "methodEstablished": "wa-pt-method:P",
        "monumentedBy": {
          "form": "wa-monument-form:cadastral-point-unmarked",
          "condition": "wa-monument-condition:ok",
          "state": "wa-monument-state:unmarked"
        },
        "feature_id": "5018"
      },
      "id": "5018"
    },
    {
      "type": "Feature",
      "geometry": {
        "type": "Point",
        "coordinates": [
          115.72228034614955,
          -32.54959662935058
        ]
      },
      "properties": {
        "name": "",
        "purpose": "wa-surveypoint-purpose:monument",
        "ptQualityMeasure": 0.001,
        "comment": null,
        "methodEstablished": "wa-pt-method:P",
        "monumentedBy": {
          "form": "wa-monument-form:cadastral-point-unmarked",
          "condition": "wa-monument-condition:ok",
          "state": "wa-monument-state:unmarked"
        },
        "feature_id": "20216"
      },
      "id": "20216"
    },
    {
      "type": "Feature",
      "geometry": {
        "type": "Point",
        "coordinates": [
          115.72227722678883,
          -32.549659693076634
        ]
      },
      "properties": {
        "name": "",
        "purpose": "wa-surveypoint-purpose:monument",
        "ptQualityMeasure": 0.001,
        "comment": null,
        "methodEstablished": "wa-pt-method:P",
        "monumentedBy": {
          "form": "wa-monument-form:cadastral-point-unmarked",
          "condition": "wa-monument-condition:ok",
          "state": "wa-monument-state:unmarked"
        },
        "feature_id": "20222"
      },
      "id": "20222"
    },
    {
      "type": "Feature",
      "geometry": {
        "type": "Point",
        "coordinates": [
          115.72241061412447,
          -32.549601263668
        ]
      },
      "properties": {
        "name": "",
        "purpose": "wa-surveypoint-purpose:monument",
        "ptQualityMeasure": 0.001,
        "comment": null,
        "methodEstablished": "wa-pt-method:P",
        "monumentedBy": {
          "form": "wa-monument-form:cadastral-point-unmarked",
          "condition": "wa-monument-condition:ok",
          "state": "wa-monument-state:unmarked"
        },
        "feature_id": "20233"
      },
      "id": "20233"
    },
    {
      "type": "Feature",
      "geometry": {
        "type": "Point",
        "coordinates": [
          115.72241008151826,
          -32.54966441682775
        ]
      },
      "properties": {
        "name": "",
        "purpose": "wa-surveypoint-purpose:monument",
        "ptQualityMeasure": 0.001,
        "comment": null,
        "methodEstablished": "wa-pt-method:P",
        "monumentedBy": {
          "form": "wa-monument-form:cadastral-point-unmarked",
          "condition": "wa-monument-condition:ok",
          "state": "wa-monument-state:unmarked"
        },
        "feature_id": "20234"
      },
      "id": "20234"
    },
    {
      "type": "Feature",
      "geometry": {
        "type": "Point",
        "coordinates": [
          115.72215137918306,
          -32.55218923919512
        ]
      },
      "properties": {
        "purpose": "wa-surveypoint-purpose:other",
        "comment": null,
        "monumentedBy": {
          "form": "wa-monument-form:cadastral-point-unmarked",
          "condition": "wa-monument-condition:ok",
          "state": "wa-monument-state:unmarked"
        },
        "feature_id": "8036"
      },
      "id": "8036"
    },
    {
      "type": "Feature",
      "geometry": {
        "type": "Point",
        "coordinates": [
          115.72226593035883,
          -32.551615951231504
        ]
      },
      "properties": {
        "purpose": "wa-surveypoint-purpose:other",
        "comment": null,
        "monumentedBy": {
          "form": "wa-monument-form:cadastral-point-unmarked",
          "condition": "wa-monument-condition:ok",
          "state": "wa-monument-state:unmarked"
        },
        "feature_id": "8051"
      },
      "id": "8051"
    },
    {
      "type": "Feature",
      "geometry": {
        "type": "Point",
        "coordinates": [
          115.7200342951337,
          -32.55117573655885
        ]
      },
      "properties": {
        "purpose": "wa-surveypoint-purpose:other",
        "comment": null,
        "monumentedBy": {
          "form": "wa-monument-form:cadastral-point-unmarked",
          "condition": "wa-monument-condition:ok",
          "state": "wa-monument-state:unmarked"
        },
        "feature_id": "8132"
      },
      "id": "8132"
    },
    {
      "type": "Feature",
      "geometry": {
        "type": "Point",
        "coordinates": [
          115.72196380030756,
          -32.551212145164826
        ]
      },
      "properties": {
        "purpose": "wa-surveypoint-purpose:other",
        "comment": null,
        "monumentedBy": {
          "form": "wa-monument-form:cadastral-point-unmarked",
          "condition": "wa-monument-condition:ok",
          "state": "wa-monument-state:unmarked"
        },
        "feature_id": "8148"
      },
      "id": "8148"
    },
    {
      "type": "Feature",
      "geometry": {
        "type": "Point",
        "coordinates": [
          115.72156527791891,
          -32.55186987758036
        ]
      },
      "properties": {
        "purpose": "wa-surveypoint-purpose:other",
        "comment": null,
        "monumentedBy": {
          "form": "wa-monument-form:cadastral-point-unmarked",
          "condition": "wa-monument-condition:ok",
          "state": "wa-monument-state:unmarked"
        },
        "feature_id": "8151"
      },
      "id": "8151"
    },
    {
      "type": "Feature",
      "geometry": {
        "type": "Point",
        "coordinates": [
          115.72028996577785,
          -32.55400752019307
        ]
      },
      "properties": {
        "purpose": "wa-surveypoint-purpose:other",
        "comment": null,
        "monumentedBy": {
          "form": "wa-monument-form:cadastral-point-unmarked",
          "condition": "wa-monument-condition:ok",
          "state": "wa-monument-state:unmarked"
        },
        "feature_id": "8152"
      },
      "id": "8152"
    },
    {
      "type": "Feature",
      "geometry": {
        "type": "Point",
        "coordinates": [
          115.72083167946919,
          -32.55164564450661
        ]
      },
      "properties": {
        "purpose": "wa-surveypoint-purpose:other",
        "comment": null,
        "monumentedBy": {
          "form": "wa-monument-form:cadastral-point-unmarked",
          "condition": "wa-monument-condition:ok",
          "state": "wa-monument-state:unmarked"
        },
        "feature_id": "8153"
      },
      "id": "8153"
    },
    {
      "type": "Feature",
      "geometry": {
        "type": "Point",
        "coordinates": [
          115.72129172012518,
          -32.55053658948303
        ]
      },
      "properties": {
        "purpose": "wa-surveypoint-purpose:other",
        "comment": null,
        "monumentedBy": {
          "form": "wa-monument-form:cadastral-point-unmarked",
          "condition": "wa-monument-condition:ok",
          "state": "wa-monument-state:unmarked"
        },
        "feature_id": "8156"
      },
      "id": "8156"
    },
    {
      "type": "Feature",
      "geometry": {
        "type": "Point",
        "coordinates": [
          115.72299664519457,
          -32.55204329678975
        ]
      },
      "properties": {
        "name": "EFB125060/9317",
        "geodeticid": "EFB125060/9317",
        "purpose": "wa-surveypoint-purpose:permanent-control-mark",
        "comment": null,
        "monumentedBy": {
          "form": "wa-monument-form:drill-hole",
          "condition": "wa-monument-condition:ok",
          "state": "wa-monument-state:mark-found"
        },
        "feature_id": "50000"
      },
      "id": "50000"
    },
    {
      "type": "Feature",
      "geometry": {
        "type": "Point",
        "coordinates": [
          115.72394111019237,
          -32.55199779296605
        ]
      },
      "properties": {
        "name": "EFB122745/9308",
        "geodeticid": "EFB122745/9308",
        "purpose": "wa-surveypoint-purpose:permanent-survey-mark",
        "comment": "In concrete",
        "monumentedBy": {
          "form": "wa-monument-form:brass-plaque",
          "condition": "wa-monument-condition:ok",
          "state": "wa-monument-state:mark-found"
        },
        "feature_id": "50001"
      },
      "id": "50001"
    },
    {
      "type": "Feature",
      "geometry": {
        "type": "Point",
        "coordinates": [
          115.72397744424107,
          -32.55143741075087
        ]
      },
      "properties": {
        "name": "EFB122745/9307",
        "geodeticid": "EFB122745/9307",
        "purpose": "wa-surveypoint-purpose:permanent-control-mark",
        "comment": "In concrete",
        "monumentedBy": {
          "form": "wa-monument-form:deck-spike",
          "condition": "wa-monument-condition:ok",
          "state": "wa-monument-state:mark-found"
        },
        "feature_id": "50002"
      },
      "id": "50002"
    },
    {
      "type": "Feature",
      "geometry": {
        "type": "Point",
        "coordinates": [
          115.72394625861159,
          -32.55257847645661
        ]
      },
      "properties": {
        "name": "EFB122745/9309",
        "geodeticid": "EFB122745/9309",
        "purpose": "wa-surveypoint-purpose:permanent-control-mark",
        "comment": "In concrete",
        "monumentedBy": {
          "form": "wa-monument-form:deck-spike",
          "condition": "wa-monument-condition:ok",
          "state": "wa-monument-state:mark-found"
        },
        "feature_id": "50003"
      },
      "id": "50003"
    },
    {
      "type": "Feature",
      "geometry": {
        "type": "Polygon",
        "coordinates": [
          [
            [
              115.72386536611776,
              -32.55269989533313
            ],
            [
              115.72392825184677,
              -32.552728035919735
            ],
            [
              115.72392662248362,
              -32.55292369184389
            ],
            [
              115.7239244405687,
              -32.55318472866579
            ],
            [
              115.72383682723095,
              -32.553161658885756
            ],
            [
              115.72364028274158,
              -32.55307761682885
            ],
            [
              115.72386536611776,
              -32.55269989533313
            ]
          ]
        ]
      },
      "properties": {
        "appellation": {
          "type": "wa:LotOnPlanAppellation",
          "label": "Lot 921 DP 400715",
          "hasPart": [
            {
              "type": "ParcelType",
              "label": "Lot"
            },
            {
              "type": "ParcelIdentifier",
              "label": "921"
            },
            {
              "type": "PlanType",
              "label": "DP"
            },
            {
              "type": "PlanIdentifier",
              "label": "400715"
            }
          ]
        },
        "area": 849.38,
        "parcelType": "wa-parcel-type:freehold",
        "parcelPurpose": "wa-parcel-purpose:lot",
        "parcelState": "wa-parcel-state:created",
        "interests": [
          {
            "interestLink": "689-654-852",
            "interestType": "wa-secondary-purpose:restrictive-covenant-building-envelope",
            "statuteLink": "wa-interest:easement-tla-136D",
            "originalNotificationLink": "wa-doc:M443039",
            "dateExpires": "2022-12-31T23:59:59Z",
            "burdenedParcels": [
              "1301"
            ],
            "benefitedParcels": [
              "1302",
              "1303",
              "1304",
              "1305",
              "1306",
              "1307",
              "1308",
              "1309",
              "1310",
              "1311",
              "1312",
              "1313",
              "1314",
              "1315",
              "1316",
              "1317",
              "1318",
              "1319",
              "1320",
              "1321",
              "1322",
              "1323",
              "1324",
              "1325",
              "1326",
              "1327",
              "1328",
              "1329",
              "1330"
            ]
          },
          {
            "interestLink": "689-654-800",
            "interestType": "wa-secondary-purpose:notification",
            "statuteLink": "wa-interest-type:165-pda",
            "originalNotificationLink": "wa-doc:M443040",
            "desc": "Mosquitoes",
            "burdenedParcels": [
              "1301"
            ]
          }
        ]
      },
      "id": "1301"
    },
    {
      "type": "Feature",
      "geometry": {
        "type": "Polygon",
        "coordinates": [
          [
            [
              115.72374766973272,
              -32.55264723191924
            ],
            [
              115.72386536611776,
              -32.55269989533313
            ],
            [
              115.72364028274158,
              -32.55307761682885
            ],
            [
              115.72352147327678,
              -32.55302681807421
            ],
            [
              115.72374766973272,
              -32.55264723191924
            ]
          ]
        ]
      },
      "properties": {
        "appellation": {
          "type": "wa:LotOnPlanAppellation",
          "label": "Lot 922 DP 400715",
          "hasPart": [
            {
              "type": "ParcelType",
              "label": "Lot"
            },
            {
              "type": "ParcelIdentifier",
              "label": "922"
            },
            {
              "type": "PlanType",
              "label": "DP"
            },
            {
              "type": "PlanIdentifier",
              "label": "400715"
            }
          ]
        },
        "area": 587.95,
        "parcelType": "wa-parcel-type:freehold",
        "parcelPurpose": "wa-parcel-purpose:lot",
        "parcelState": "wa-parcel-state:created",
        "interests": [
          {
            "interestLink": "689-654-857",
            "interestType": "wa-secondary-purpose:restrictive-covenant-building-envelope",
            "statuteLink": "wa-interest:easement-tla-136D",
            "originalNotificationLink": "wa-doc:M443039",
            "dateExpires": "2022-12-31T23:59:59Z",
            "burdenedParcels": [
              "1302"
            ],
            "benefitedParcels": [
              "1301",
              "1303",
              "1304",
              "1305",
              "1306",
              "1307",
              "1308",
              "1309",
              "1310",
              "1311",
              "1312",
              "1313",
              "1314",
              "1315",
              "1316",
              "1317",
              "1318",
              "1319",
              "1320",
              "1321",
              "1322",
              "1323",
              "1324",
              "1325",
              "1326",
              "1327",
              "1328",
              "1329",
              "1330"
            ]
          },
          {
            "interestLink": "689-654-801",
            "interestType": "wa-secondary-purpose:notification",
            "statuteLink": "wa-interest-type:165-pda",
            "originalNotificationLink": "wa-doc:M443040",
            "desc": "Mosquitoes",
            "burdenedParcels": [
              "1302"
            ]
          }
        ]
      },
      "id": "1302"
    },
    {
      "type": "Feature",
      "geometry": {
        "type": "Polygon",
        "coordinates": [
          [
            [
              115.72362999453011,
              -32.55259458665194
            ],
            [
              115.72374766973272,
              -32.55264723191924
            ],
            [
              115.72352147327678,
              -32.55302681807421
            ],
            [
              115.7233869752832,
              -32.55296930229125
            ],
            [
              115.72362999453011,
              -32.55259458665194
            ]
          ]
        ]
      },
      "properties": {
        "appellation": {
          "type": "wa:LotOnPlanAppellation",
          "label": "Lot 923 DP 400715",
          "hasPart": [
            {
              "type": "ParcelType",
              "label": "Lot"
            },
            {
              "type": "ParcelIdentifier",
              "label": "923"
            },
            {
              "type": "PlanType",
              "label": "DP"
            },
            {
              "type": "PlanIdentifier",
              "label": "400715"
            }
          ]
        },
        "area": 629.9,
        "parcelType": "wa-parcel-type:freehold",
        "parcelPurpose": "wa-parcel-purpose:lot",
        "parcelState": "wa-parcel-state:created",
        "interests": [
          {
            "interestLink": "689-654-858",
            "interestType": "wa-secondary-purpose:restrictive-covenant-building-envelope",
            "statuteLink": "wa-interest:easement-tla-136D",
            "originalNotificationLink": "wa-doc:M443039",
            "dateExpires": "2022-12-31T23:59:59Z",
            "burdenedParcels": [
              "1303"
            ],
            "benefitedParcels": [
              "1301",
              "1302",
              "1304",
              "1305",
              "1306",
              "1307",
              "1308",
              "1309",
              "1310",
              "1311",
              "1312",
              "1313",
              "1314",
              "1315",
              "1316",
              "1317",
              "1318",
              "1319",
              "1320",
              "1321",
              "1322",
              "1323",
              "1324",
              "1325",
              "1326",
              "1327",
              "1328",
              "1329",
              "1330"
            ]
          },
          {
            "interestLink": "689-654-802",
            "interestType": "wa-secondary-purpose:notification",
            "statuteLink": "wa-interest-type:165-pda",
            "originalNotificationLink": "wa-doc:M443040",
            "desc": "Mosquitoes",
            "burdenedParcels": [
              "1303"
            ]
          }
        ]
      },
      "id": "1303"
    },
    {
      "type": "Feature",
      "geometry": {
        "type": "Polygon",
        "coordinates": [
          [
            [
              115.72351240427453,
              -32.55254196919888
            ],
            [
              115.72362999453011,
              -32.55259458665194
            ],
            [
              115.7233869752832,
              -32.55296930229125
            ],
            [
              115.72335851952867,
              -32.55295713386842
            ],
            [
              115.72325752629779,
              -32.55290647972376
            ],
            [
              115.72351240427453,
              -32.55254196919888
            ]
          ]
        ]
      },
      "properties": {
        "appellation": {
          "type": "wa:LotOnPlanAppellation",
          "label": "Lot 924 DP 400715",
          "hasPart": [
            {
              "type": "ParcelType",
              "label": "Lot"
            },
            {
              "type": "ParcelIdentifier",
              "label": "924"
            },
            {
              "type": "PlanType",
              "label": "DP"
            },
            {
              "type": "PlanIdentifier",
              "label": "400715"
            }
          ]
        },
        "area": 626.26,
        "parcelType": "wa-parcel-type:freehold",
        "parcelPurpose": "wa-parcel-purpose:lot",
        "parcelState": "wa-parcel-state:created",
        "interests": [
          {
            "interestLink": "689-654-859",
            "interestType": "wa-secondary-purpose:restrictive-covenant-building-envelope",
            "statuteLink": "wa-interest:easement-tla-136D",
            "originalNotificationLink": "wa-doc:M443039",
            "dateExpires": "2022-12-31T23:59:59Z",
            "burdenedParcels": [
              "1304"
            ],
            "benefitedParcels": [
              "1301",
              "1302",
              "1303",
              "1305",
              "1306",
              "1307",
              "1308",
              "1309",
              "1310",
              "1311",
              "1312",
              "1313",
              "1314",
              "1315",
              "1316",
              "1317",
              "1318",
              "1319",
              "1320",
              "1321",
              "1322",
              "1323",
              "1324",
              "1325",
              "1326",
              "1327",
              "1328",
              "1329",
              "1330"
            ]
          },
          {
            "interestLink": "689-654-803",
            "interestType": "wa-secondary-purpose:notification",
            "statuteLink": "wa-interest-type:165-pda",
            "originalNotificationLink": "wa-doc:M443040",
            "desc": "Mosquitoes",
            "burdenedParcels": [
              "1304"
            ]
          }
        ]
      },
      "id": "1304"
    },
    {
      "type": "Feature",
      "geometry": {
        "type": "Polygon",
        "coordinates": [
          [
            [
              115.72342287015228,
              -32.55250191287572
            ],
            [
              115.72351240427453,
              -32.55254196919888
            ],
            [
              115.72325752629779,
              -32.55290647972376
            ],
            [
              115.72317049236754,
              -32.55286283156339
            ],
            [
              115.72342287015228,
              -32.55250191287572
            ]
          ]
        ]
      },
      "properties": {
        "appellation": {
          "type": "wa:LotOnPlanAppellation",
          "label": "Lot 925 DP 400715",
          "hasPart": [
            {
              "type": "ParcelType",
              "label": "Lot"
            },
            {
              "type": "ParcelIdentifier",
              "label": "925"
            },
            {
              "type": "PlanType",
              "label": "DP"
            },
            {
              "type": "PlanIdentifier",
              "label": "400715"
            }
          ]
        },
        "area": 444.11,
        "parcelType": "wa-parcel-type:freehold",
        "parcelPurpose": "wa-parcel-purpose:lot",
        "parcelState": "wa-parcel-state:created",
        "interests": [
          {
            "interestLink": "689-654-860",
            "interestType": "wa-secondary-purpose:restrictive-covenant-building-envelope",
            "statuteLink": "wa-interest:easement-tla-136D",
            "originalNotificationLink": "wa-doc:M443039",
            "dateExpires": "2022-12-31T23:59:59Z",
            "burdenedParcels": [
              "1305"
            ],
            "benefitedParcels": [
              "1301",
              "1302",
              "1303",
              "1304",
              "1306",
              "1307",
              "1308",
              "1309",
              "1310",
              "1311",
              "1312",
              "1313",
              "1314",
              "1315",
              "1316",
              "1317",
              "1318",
              "1319",
              "1320",
              "1321",
              "1322",
              "1323",
              "1324",
              "1325",
              "1326",
              "1327",
              "1328",
              "1329",
              "1330"
            ]
          },
          {
            "interestLink": "689-654-900",
            "interestType": "wa-secondary-purpose:notification",
            "statuteLink": "wa-interest-type:70a-tla",
            "originalNotificationLink": "wa-doc:M443041",
            "desc": "Moorings",
            "burdenedParcels": [
              "1305"
            ]
          },
          {
            "interestLink": "689-654-804",
            "interestType": "wa-secondary-purpose:notification",
            "statuteLink": "wa-interest-type:165-pda",
            "originalNotificationLink": "wa-doc:M443040",
            "desc": "Mosquitoes",
            "burdenedParcels": [
              "1305"
            ]
          }
        ]
      },
      "id": "1305"
    },
    {
      "type": "Feature",
      "geometry": {
        "type": "Polygon",
        "coordinates": [
          [
            [
              115.72333573889556,
              -32.55245839012443
            ],
            [
              115.72341956817895,
              -32.55250043613177
            ],
            [
              115.72342287015228,
              -32.55250191287572
            ],
            [
              115.72317049236754,
              -32.55286283156339
            ],
            [
              115.72308346917174,
              -32.552819183452726
            ],
            [
              115.72333573889556,
              -32.55245839012443
            ]
          ]
        ]
      },
      "properties": {
        "appellation": {
          "type": "wa:LotOnPlanAppellation",
          "label": "Lot 926 DP 400715",
          "hasPart": [
            {
              "type": "ParcelType",
              "label": "Lot"
            },
            {
              "type": "ParcelIdentifier",
              "label": "926"
            },
            {
              "type": "PlanType",
              "label": "DP"
            },
            {
              "type": "PlanIdentifier",
              "label": "400715"
            }
          ]
        },
        "area": 441.75,
        "parcelType": "wa-parcel-type:freehold",
        "parcelPurpose": "wa-parcel-purpose:lot",
        "parcelState": "wa-parcel-state:created",
        "interests": [
          {
            "interestLink": "689-654-861",
            "interestType": "wa-secondary-purpose:restrictive-covenant-building-envelope",
            "statuteLink": "wa-interest:easement-tla-136D",
            "originalNotificationLink": "wa-doc:M443039",
            "dateExpires": "2022-12-31T23:59:59Z",
            "burdenedParcels": [
              "1306"
            ],
            "benefitedParcels": [
              "1301",
              "1302",
              "1303",
              "1304",
              "1305",
              "1307",
              "1308",
              "1309",
              "1310",
              "1311",
              "1312",
              "1313",
              "1314",
              "1315",
              "1316",
              "1317",
              "1318",
              "1319",
              "1320",
              "1321",
              "1322",
              "1323",
              "1324",
              "1325",
              "1326",
              "1327",
              "1328",
              "1329",
              "1330"
            ]
          },
          {
            "interestLink": "689-654-901",
            "interestType": "wa-secondary-purpose:notification",
            "statuteLink": "wa-interest-type:70a-tla",
            "originalNotificationLink": "wa-doc:M443041",
            "desc": "Moorings",
            "burdenedParcels": [
              "1306"
            ]
          },
          {
            "interestLink": "689-654-805",
            "interestType": "wa-secondary-purpose:notification",
            "statuteLink": "wa-interest-type:165-pda",
            "originalNotificationLink": "wa-doc:M443040",
            "desc": "Mosquitoes",
            "burdenedParcels": [
              "1306"
            ]
          }
        ]
      },
      "id": "1306"
    },
    {
      "type": "Feature",
      "geometry": {
        "type": "Polygon",
        "coordinates": [
          [
            [
              115.72324871599932,
              -32.552414742133216
            ],
            [
              115.72333573889556,
              -32.55245839012443
            ],
            [
              115.72308346917174,
              -32.552819183452726
            ],
            [
              115.72299643554052,
              -32.55277552615668
            ],
            [
              115.72324871599932,
              -32.552414742133216
            ]
          ]
        ]
      },
      "properties": {
        "appellation": {
          "type": "wa:LotOnPlanAppellation",
          "label": "Lot 927 DP 400715",
          "hasPart": [
            {
              "type": "ParcelType",
              "label": "Lot"
            },
            {
              "type": "ParcelIdentifier",
              "label": "927"
            },
            {
              "type": "PlanType",
              "label": "DP"
            },
            {
              "type": "PlanIdentifier",
              "label": "400715"
            }
          ]
        },
        "area": 441.75,
        "parcelType": "wa-parcel-type:freehold",
        "parcelPurpose": "wa-parcel-purpose:lot",
        "parcelState": "wa-parcel-state:created",
        "interests": [
          {
            "interestLink": "689-654-862",
            "interestType": "wa-secondary-purpose:restrictive-covenant-building-envelope",
            "statuteLink": "wa-interest:easement-tla-136D",
            "originalNotificationLink": "wa-doc:M443039",
            "dateExpires": "2022-12-31T23:59:59Z",
            "burdenedParcels": [
              "1307"
            ],
            "benefitedParcels": [
              "1301",
              "1302",
              "1303",
              "1304",
              "1305",
              "1306",
              "1308",
              "1309",
              "1310",
              "1311",
              "1312",
              "1313",
              "1314",
              "1315",
              "1316",
              "1317",
              "1318",
              "1319",
              "1320",
              "1321",
              "1322",
              "1323",
              "1324",
              "1325",
              "1326",
              "1327",
              "1328",
              "1329",
              "1330"
            ]
          },
          {
            "interestLink": "689-654-902",
            "interestType": "wa-secondary-purpose:notification",
            "statuteLink": "wa-interest-type:70a-tla",
            "originalNotificationLink": "wa-doc:M443041",
            "desc": "Moorings",
            "burdenedParcels": [
              "1307"
            ]
          },
          {
            "interestLink": "689-654-806",
            "interestType": "wa-secondary-purpose:notification",
            "statuteLink": "wa-interest-type:165-pda",
            "originalNotificationLink": "wa-doc:M443040",
            "desc": "Mosquitoes",
            "burdenedParcels": [
              "1307"
            ]
          }
        ]
      },
      "id": "1307"
    },
    {
      "type": "Feature",
      "geometry": {
        "type": "Polygon",
        "coordinates": [
          [
            [
              115.7231616826677,
              -32.552371084956626
            ],
            [
              115.72324871599932,
              -32.552414742133216
            ],
            [
              115.72299643554052,
              -32.55277552615668
            ],
            [
              115.72290940186724,
              -32.552731877820946
            ],
            [
              115.7231616826677,
              -32.552371084956626
            ]
          ]
        ]
      },
      "properties": {
        "appellation": {
          "type": "wa:LotOnPlanAppellation",
          "label": "Lot 928 DP 400715",
          "hasPart": [
            {
              "type": "ParcelType",
              "label": "Lot"
            },
            {
              "type": "ParcelIdentifier",
              "label": "928"
            },
            {
              "type": "PlanType",
              "label": "DP"
            },
            {
              "type": "PlanIdentifier",
              "label": "400715"
            }
          ]
        },
        "area": 441.75,
        "parcelType": "wa-parcel-type:freehold",
        "parcelPurpose": "wa-parcel-purpose:lot",
        "parcelState": "wa-parcel-state:created",
        "interests": [
          {
            "interestLink": "689-654-863",
            "interestType": "wa-secondary-purpose:restrictive-covenant-building-envelope",
            "statuteLink": "wa-interest:easement-tla-136D",
            "originalNotificationLink": "wa-doc:M443039",
            "dateExpires": "2022-12-31T23:59:59Z",
            "burdenedParcels": [
              "1308"
            ],
            "benefitedParcels": [
              "1301",
              "1302",
              "1303",
              "1304",
              "1305",
              "1306",
              "1307",
              "1309",
              "1310",
              "1311",
              "1312",
              "1313",
              "1314",
              "1315",
              "1316",
              "1317",
              "1318",
              "1319",
              "1320",
              "1321",
              "1322",
              "1323",
              "1324",
              "1325",
              "1326",
              "1327",
              "1328",
              "1329",
              "1330"
            ]
          },
          {
            "interestLink": "689-654-903",
            "interestType": "wa-secondary-purpose:notification",
            "statuteLink": "wa-interest-type:70a-tla",
            "originalNotificationLink": "wa-doc:M443041",
            "desc": "Moorings",
            "burdenedParcels": [
              "1308"
            ]
          },
          {
            "interestLink": "689-654-807",
            "interestType": "wa-secondary-purpose:notification",
            "statuteLink": "wa-interest-type:165-pda",
            "originalNotificationLink": "wa-doc:M443040",
            "desc": "Mosquitoes",
            "burdenedParcels": [
              "1308"
            ]
          }
        ]
      },
      "id": "1308"
    },
    {
      "type": "Feature",
      "geometry": {
        "type": "Polygon",
        "coordinates": [
          [
            [
              115.72251925492803,
              -32.55212187297039
            ],
            [
              115.72267155821261,
              -32.552125260725745
            ],
            [
              115.72241927620726,
              -32.55248605258813
            ],
            [
              115.72230476917706,
              -32.552428612553015
            ],
            [
              115.72243838963958,
              -32.552237509324016
            ],
            [
              115.72251925492803,
              -32.55212187297039
            ]
          ]
        ]
      },
      "properties": {
        "appellation": {
          "type": "wa:LotOnPlanAppellation",
          "label": "Lot 929 DP 400715",
          "hasPart": [
            {
              "type": "ParcelType",
              "label": "Lot"
            },
            {
              "type": "ParcelIdentifier",
              "label": "929"
            },
            {
              "type": "PlanType",
              "label": "DP"
            },
            {
              "type": "PlanIdentifier",
              "label": "400715"
            }
          ]
        },
        "area": 537.71,
        "parcelType": "wa-parcel-type:freehold",
        "parcelPurpose": "wa-parcel-purpose:lot",
        "parcelState": "wa-parcel-state:created",
        "interests": [
          {
            "interestLink": "689-654-864",
            "interestType": "wa-secondary-purpose:restrictive-covenant-building-envelope",
            "statuteLink": "wa-interest:easement-tla-136D",
            "originalNotificationLink": "wa-doc:M443039",
            "dateExpires": "2022-12-31T23:59:59Z",
            "burdenedParcels": [
              "1309"
            ],
            "benefitedParcels": [
              "1301",
              "1302",
              "1303",
              "1304",
              "1305",
              "1306",
              "1307",
              "1308",
              "1310",
              "1311",
              "1312",
              "1313",
              "1314",
              "1315",
              "1316",
              "1317",
              "1318",
              "1319",
              "1320",
              "1321",
              "1322",
              "1323",
              "1324",
              "1325",
              "1326",
              "1327",
              "1328",
              "1329",
              "1330"
            ]
          },
          {
            "interestLink": "689-654-808",
            "interestType": "wa-secondary-purpose:notification",
            "statuteLink": "wa-interest-type:165-pda",
            "originalNotificationLink": "wa-doc:M443040",
            "desc": "Mosquitoes",
            "burdenedParcels": [
              "1309"
            ]
          }
        ]
      },
      "id": "1309"
    },
    {
      "type": "Feature",
      "geometry": {
        "type": "Polygon",
        "coordinates": [
          [
            [
              115.72215137918306,
              -32.55218923919512
            ],
            [
              115.7219912868419,
              -32.552155301817464
            ],
            [
              115.72206728475005,
              -32.55230949683274
            ],
            [
              115.72230476917706,
              -32.552428612553015
            ],
            [
              115.72243838963958,
              -32.552237509324016
            ],
            [
              115.72201610986909,
              -32.55207132474562
            ],
            [
              115.72238017005515,
              -32.55221459294734
            ],
            [
              115.72243838963958,
              -32.552237509324016
            ],
            [
              115.72215137918306,
              -32.55218923919512
            ]
          ]
        ]
      },
      "properties": {
        "appellation": {
          "type": "wa:LotOnPlanAppellation",
          "label": "Lot 930 DP 400715",
          "hasPart": [
            {
              "type": "ParcelType",
              "label": "Lot"
            },
            {
              "type": "ParcelIdentifier",
              "label": "930"
            },
            {
              "type": "PlanType",
              "label": "DP"
            },
            {
              "type": "PlanIdentifier",
              "label": "400715"
            }
          ]
        },
        "area": 890.7,
        "parcelType": "wa-parcel-type:freehold",
        "parcelPurpose": "wa-parcel-purpose:lot",
        "parcelState": "wa-parcel-state:created",
        "interests": [
          {
            "interestLink": "689-654-865",
            "interestType": "wa-secondary-purpose:restrictive-covenant-building-envelope",
            "statuteLink": "wa-interest:easement-tla-136D",
            "originalNotificationLink": "wa-doc:M443039",
            "dateExpires": "2022-12-31T23:59:59Z",
            "burdenedParcels": [
              "1310"
            ],
            "benefitedParcels": [
              "1301",
              "1302",
              "1303",
              "1304",
              "1305",
              "1306",
              "1307",
              "1308",
              "1309",
              "1311",
              "1312",
              "1313",
              "1314",
              "1315",
              "1316",
              "1317",
              "1318",
              "1319",
              "1320",
              "1321",
              "1322",
              "1323",
              "1324",
              "1325",
              "1326",
              "1327",
              "1328",
              "1329",
              "1330"
            ]
          },
          {
            "interestLink": "689-654-809",
            "interestType": "wa-secondary-purpose:notification",
            "statuteLink": "wa-interest-type:165-pda",
            "originalNotificationLink": "wa-doc:M443040",
            "desc": "Mosquitoes",
            "burdenedParcels": [
              "1310"
            ]
          }
        ]
      },
      "id": "1310"
    },
    {
      "type": "Feature",
      "geometry": {
        "type": "Polygon",
        "coordinates": [
          [
            [
              115.72249126613015,
              -32.552055723964806
            ],
            [
              115.72238017005515,
              -32.55221459294734
            ],
            [
              115.72201610986909,
              -32.55207132474562
            ],
            [
              115.72204676187285,
              -32.55196757178588
            ],
            [
              115.72249126613015,
              -32.552055723964806
            ]
          ]
        ]
      },
      "properties": {
        "appellation": {
          "type": "wa:LotOnPlanAppellation",
          "label": "Lot 931 DP 400715",
          "hasPart": [
            {
              "type": "ParcelType",
              "label": "Lot"
            },
            {
              "type": "ParcelIdentifier",
              "label": "931"
            },
            {
              "type": "PlanType",
              "label": "DP"
            },
            {
              "type": "PlanIdentifier",
              "label": "400715"
            }
          ]
        },
        "area": 638.35,
        "parcelType": "wa-parcel-type:freehold",
        "parcelPurpose": "wa-parcel-purpose:lot",
        "parcelState": "wa-parcel-state:created",
        "interests": [
          {
            "interestLink": "689-654-866",
            "interestType": "wa-secondary-purpose:restrictive-covenant-building-envelope",
            "statuteLink": "wa-interest:easement-tla-136D",
            "originalNotificationLink": "wa-doc:M443039",
            "dateExpires": "2022-12-31T23:59:59Z",
            "burdenedParcels": [
              "1311"
            ],
            "benefitedParcels": [
              "1301",
              "1302",
              "1303",
              "1304",
              "1305",
              "1306",
              "1307",
              "1308",
              "1309",
              "1310",
              "1312",
              "1313",
              "1314",
              "1315",
              "1316",
              "1317",
              "1318",
              "1319",
              "1320",
              "1321",
              "1322",
              "1323",
              "1324",
              "1325",
              "1326",
              "1327",
              "1328",
              "1329",
              "1330"
            ]
          },
          {
            "interestLink": "689-654-904",
            "interestType": "wa-secondary-purpose:notification",
            "statuteLink": "wa-interest-type:70a-tla",
            "originalNotificationLink": "wa-doc:M443041",
            "desc": "Moorings",
            "burdenedParcels": [
              "1311"
            ]
          },
          {
            "interestLink": "689-654-810",
            "interestType": "wa-secondary-purpose:notification",
            "statuteLink": "wa-interest-type:165-pda",
            "originalNotificationLink": "wa-doc:M443040",
            "desc": "Mosquitoes",
            "burdenedParcels": [
              "1311"
            ]
          }
        ]
      },
      "id": "1311"
    },
    {
      "type": "Feature",
      "geometry": {
        "type": "Polygon",
        "coordinates": [
          [
            [
              115.72249258698868,
              -32.551897092344596
            ],
            [
              115.72249126613015,
              -32.552055723964806
            ],
            [
              115.72204676187285,
              -32.55196757178588
            ],
            [
              115.72208158577692,
              -32.55184974481303
            ],
            [
              115.72249258698868,
              -32.551897092344596
            ]
          ]
        ]
      },
      "properties": {
        "appellation": {
          "type": "wa:LotOnPlanAppellation",
          "label": "Lot 932 DP 400715",
          "hasPart": [
            {
              "type": "ParcelType",
              "label": "Lot"
            },
            {
              "type": "ParcelIdentifier",
              "label": "932"
            },
            {
              "type": "PlanType",
              "label": "DP"
            },
            {
              "type": "PlanIdentifier",
              "label": "400715"
            }
          ]
        },
        "area": 628.61,
        "parcelType": "wa-parcel-type:freehold",
        "parcelPurpose": "wa-parcel-purpose:lot",
        "parcelState": "wa-parcel-state:created",
        "interests": [
          {
            "interestLink": "689-654-867",
            "interestType": "wa-secondary-purpose:restrictive-covenant-building-envelope",
            "statuteLink": "wa-interest:easement-tla-136D",
            "originalNotificationLink": "wa-doc:M443039",
            "dateExpires": "2022-12-31T23:59:59Z",
            "burdenedParcels": [
              "1312"
            ],
            "benefitedParcels": [
              "1301",
              "1302",
              "1303",
              "1304",
              "1305",
              "1306",
              "1307",
              "1308",
              "1309",
              "1310",
              "1311",
              "1313",
              "1314",
              "1315",
              "1316",
              "1317",
              "1318",
              "1319",
              "1320",
              "1321",
              "1322",
              "1323",
              "1324",
              "1325",
              "1326",
              "1327",
              "1328",
              "1329",
              "1330"
            ]
          },
          {
            "interestLink": "689-654-811",
            "interestType": "wa-secondary-purpose:notification",
            "statuteLink": "wa-interest-type:165-pda",
            "originalNotificationLink": "wa-doc:M443040",
            "desc": "Mosquitoes",
            "burdenedParcels": [
              "1312"
            ]
          }
        ]
      },
      "id": "1312"
    },
    {
      "type": "Feature",
      "geometry": {
        "type": "Polygon",
        "coordinates": [
          [
            [
              115.72249394420456,
              -32.55173514170301
            ],
            [
              115.72249258698868,
              -32.551897092344596
            ],
            [
              115.72208158577692,
              -32.55184974481303
            ],
            [
              115.72211932921309,
              -32.55172204346551
            ],
            [
              115.72249394420456,
              -32.55173514170301
            ]
          ]
        ]
      },
      "properties": {
        "appellation": {
          "type": "wa:LotOnPlanAppellation",
          "label": "Lot 933 DP 400715",
          "hasPart": [
            {
              "type": "ParcelType",
              "label": "Lot"
            },
            {
              "type": "ParcelIdentifier",
              "label": "933"
            },
            {
              "type": "PlanType",
              "label": "DP"
            },
            {
              "type": "PlanIdentifier",
              "label": "400715"
            }
          ]
        },
        "area": 598.69,
        "parcelType": "wa-parcel-type:freehold",
        "parcelPurpose": "wa-parcel-purpose:lot",
        "parcelState": "wa-parcel-state:created",
        "interests": [
          {
            "interestLink": "689-654-868",
            "interestType": "wa-secondary-purpose:restrictive-covenant-building-envelope",
            "statuteLink": "wa-interest:easement-tla-136D",
            "originalNotificationLink": "wa-doc:M443039",
            "dateExpires": "2022-12-31T23:59:59Z",
            "burdenedParcels": [
              "1313"
            ],
            "benefitedParcels": [
              "1301",
              "1302",
              "1303",
              "1304",
              "1305",
              "1306",
              "1307",
              "1308",
              "1309",
              "1310",
              "1311",
              "1312",
              "1314",
              "1315",
              "1316",
              "1317",
              "1318",
              "1319",
              "1320",
              "1321",
              "1322",
              "1323",
              "1324",
              "1325",
              "1326",
              "1327",
              "1328",
              "1329",
              "1330"
            ]
          },
          {
            "interestLink": "689-654-812",
            "interestType": "wa-secondary-purpose:notification",
            "statuteLink": "wa-interest-type:165-pda",
            "originalNotificationLink": "wa-doc:M443040",
            "desc": "Mosquitoes",
            "burdenedParcels": [
              "1313"
            ]
          }
        ]
      },
      "id": "1313"
    },
    {
      "type": "Feature",
      "geometry": {
        "type": "Polygon",
        "coordinates": [
          [
            [
              115.72255791999942,
              -32.551737379370145
            ],
            [
              115.72249394420456,
              -32.55173514170301
            ],
            [
              115.72211932921309,
              -32.55172204346551
            ],
            [
              115.72215747556861,
              -32.55159295710706
            ],
            [
              115.72227054055847,
              -32.551521341442445
            ],
            [
              115.72226593035883,
              -32.551615951231504
            ],
            [
              115.72255963372628,
              -32.551531459485936
            ],
            [
              115.72255791999942,
              -32.551737379370145
            ]
          ]
        ]
      },
      "properties": {
        "appellation": {
          "type": "wa:LotOnPlanAppellation",
          "label": "Lot 934 DP 400715",
          "hasPart": [
            {
              "type": "ParcelType",
              "label": "Lot"
            },
            {
              "type": "ParcelIdentifier",
              "label": "934"
            },
            {
              "type": "PlanType",
              "label": "DP"
            },
            {
              "type": "PlanIdentifier",
              "label": "400715"
            }
          ]
        },
        "area": 863.76,
        "parcelType": "wa-parcel-type:freehold",
        "parcelPurpose": "wa-parcel-purpose:lot",
        "parcelState": "wa-parcel-state:created",
        "interests": [
          {
            "interestLink": "689-654-869",
            "interestType": "wa-secondary-purpose:restrictive-covenant-building-envelope",
            "statuteLink": "wa-interest:easement-tla-136D",
            "originalNotificationLink": "wa-doc:M443039",
            "dateExpires": "2022-12-31T23:59:59Z",
            "burdenedParcels": [
              "1314"
            ],
            "benefitedParcels": [
              "1301",
              "1302",
              "1303",
              "1304",
              "1305",
              "1306",
              "1307",
              "1308",
              "1309",
              "1310",
              "1311",
              "1312",
              "1313",
              "1315",
              "1316",
              "1317",
              "1318",
              "1319",
              "1320",
              "1321",
              "1322",
              "1323",
              "1324",
              "1325",
              "1326",
              "1327",
              "1328",
              "1329",
              "1330"
            ]
          },
          {
            "interestLink": "689-654-813",
            "interestType": "wa-secondary-purpose:notification",
            "statuteLink": "wa-interest-type:165-pda",
            "originalNotificationLink": "wa-doc:M443040",
            "desc": "Mosquitoes",
            "burdenedParcels": [
              "1314"
            ]
          }
        ]
      },
      "id": "1314"
    },
    {
      "type": "Feature",
      "geometry": {
        "type": "Polygon",
        "coordinates": [
          [
            [
              115.72328542363712,
              -32.55195692225859
            ],
            [
              115.72318429685383,
              -32.55195338757521
            ],
            [
              115.72318763846992,
              -32.551553426320524
            ],
            [
              115.72328876480536,
              -32.55155696099024
            ],
            [
              115.72328542363712,
              -32.55195692225859
            ]
          ]
        ]
      },
      "properties": {
        "appellation": {
          "type": "wa:LotOnPlanAppellation",
          "label": "Lot 935 DP 400715",
          "hasPart": [
            {
              "type": "ParcelType",
              "label": "Lot"
            },
            {
              "type": "ParcelIdentifier",
              "label": "935"
            },
            {
              "type": "PlanType",
              "label": "DP"
            },
            {
              "type": "PlanIdentifier",
              "label": "400715"
            }
          ]
        },
        "area": 421.37,
        "parcelType": "wa-parcel-type:freehold",
        "parcelPurpose": "wa-parcel-purpose:lot",
        "parcelState": "wa-parcel-state:created",
        "interests": [
          {
            "interestLink": "689-654-870",
            "interestType": "wa-secondary-purpose:restrictive-covenant-building-envelope",
            "statuteLink": "wa-interest:easement-tla-136D",
            "originalNotificationLink": "wa-doc:M443039",
            "dateExpires": "2022-12-31T23:59:59Z",
            "burdenedParcels": [
              "1315"
            ],
            "benefitedParcels": [
              "1301",
              "1302",
              "1303",
              "1304",
              "1305",
              "1306",
              "1307",
              "1308",
              "1309",
              "1310",
              "1311",
              "1312",
              "1313",
              "1314",
              "1316",
              "1317",
              "1318",
              "1319",
              "1320",
              "1321",
              "1322",
              "1323",
              "1324",
              "1325",
              "1326",
              "1327",
              "1328",
              "1329",
              "1330"
            ]
          },
          {
            "interestLink": "689-654-905",
            "interestType": "wa-secondary-purpose:notification",
            "statuteLink": "wa-interest-type:70a-tla",
            "originalNotificationLink": "wa-doc:M443041",
            "desc": "Moorings",
            "burdenedParcels": [
              "1315"
            ]
          },
          {
            "interestLink": "689-654-814",
            "interestType": "wa-secondary-purpose:notification",
            "statuteLink": "wa-interest-type:165-pda",
            "originalNotificationLink": "wa-doc:M443040",
            "desc": "Mosquitoes",
            "burdenedParcels": [
              "1315"
            ]
          }
        ]
      },
      "id": "1315"
    },
    {
      "type": "Feature",
      "geometry": {
        "type": "Polygon",
        "coordinates": [
          [
            [
              115.72338653978252,
              -32.55196045675268
            ],
            [
              115.72328542363712,
              -32.55195692225859
            ],
            [
              115.72328876480536,
              -32.55155696099024
            ],
            [
              115.72338988037527,
              -32.5515605044894
            ],
            [
              115.72338653978252,
              -32.55196045675268
            ]
          ]
        ]
      },
      "properties": {
        "appellation": {
          "type": "wa:LotOnPlanAppellation",
          "label": "Lot 936 DP 400715",
          "hasPart": [
            {
              "type": "ParcelType",
              "label": "Lot"
            },
            {
              "type": "ParcelIdentifier",
              "label": "936"
            },
            {
              "type": "PlanType",
              "label": "DP"
            },
            {
              "type": "PlanIdentifier",
              "label": "400715"
            }
          ]
        },
        "area": 421.37,
        "parcelType": "wa-parcel-type:freehold",
        "parcelPurpose": "wa-parcel-purpose:lot",
        "parcelState": "wa-parcel-state:created",
        "interests": [
          {
            "interestLink": "689-654-871",
            "interestType": "wa-secondary-purpose:restrictive-covenant-building-envelope",
            "statuteLink": "wa-interest:easement-tla-136D",
            "originalNotificationLink": "wa-doc:M443039",
            "dateExpires": "2022-12-31T23:59:59Z",
            "burdenedParcels": [
              "1316"
            ],
            "benefitedParcels": [
              "1301",
              "1302",
              "1303",
              "1304",
              "1305",
              "1306",
              "1307",
              "1308",
              "1309",
              "1310",
              "1311",
              "1312",
              "1313",
              "1314",
              "1315",
              "1317",
              "1318",
              "1319",
              "1320",
              "1321",
              "1322",
              "1323",
              "1324",
              "1325",
              "1326",
              "1327",
              "1328",
              "1329",
              "1330"
            ]
          },
          {
            "interestLink": "689-654-906",
            "interestType": "wa-secondary-purpose:notification",
            "statuteLink": "wa-interest-type:70a-tla",
            "originalNotificationLink": "wa-doc:M443041",
            "desc": "Moorings",
            "burdenedParcels": [
              "1316"
            ]
          },
          {
            "interestLink": "689-654-815",
            "interestType": "wa-secondary-purpose:notification",
            "statuteLink": "wa-interest-type:165-pda",
            "originalNotificationLink": "wa-doc:M443040",
            "desc": "Mosquitoes",
            "burdenedParcels": [
              "1316"
            ]
          }
        ]
      },
      "id": "1316"
    },
    {
      "type": "Feature",
      "geometry": {
        "type": "Polygon",
        "coordinates": [
          [
            [
              115.72348766658735,
              -32.551963991273745
            ],
            [
              115.72338653978252,
              -32.55196045675268
            ],
            [
              115.72338988037527,
              -32.5515605044894
            ],
            [
              115.72349100673223,
              -32.55156403899677
            ],
            [
              115.72348766658735,
              -32.551963991273745
            ]
          ]
        ]
      },
      "properties": {
        "appellation": {
          "type": "wa:LotOnPlanAppellation",
          "label": "Lot 937 DP 400715",
          "hasPart": [
            {
              "type": "ParcelType",
              "label": "Lot"
            },
            {
              "type": "ParcelIdentifier",
              "label": "937"
            },
            {
              "type": "PlanType",
              "label": "DP"
            },
            {
              "type": "PlanIdentifier",
              "label": "400715"
            }
          ]
        },
        "area": 421.37,
        "parcelType": "wa-parcel-type:freehold",
        "parcelPurpose": "wa-parcel-purpose:lot",
        "parcelState": "wa-parcel-state:created",
        "interests": [
          {
            "interestLink": "689-654-872",
            "interestType": "wa-secondary-purpose:restrictive-covenant-building-envelope",
            "statuteLink": "wa-interest:easement-tla-136D",
            "originalNotificationLink": "wa-doc:M443039",
            "dateExpires": "2022-12-31T23:59:59Z",
            "burdenedParcels": [
              "1317"
            ],
            "benefitedParcels": [
              "1301",
              "1302",
              "1303",
              "1304",
              "1305",
              "1306",
              "1307",
              "1308",
              "1309",
              "1310",
              "1311",
              "1312",
              "1313",
              "1314",
              "1315",
              "1316",
              "1318",
              "1319",
              "1320",
              "1321",
              "1322",
              "1323",
              "1324",
              "1325",
              "1326",
              "1327",
              "1328",
              "1329",
              "1330"
            ]
          },
          {
            "interestLink": "689-654-907",
            "interestType": "wa-secondary-purpose:notification",
            "statuteLink": "wa-interest-type:70a-tla",
            "originalNotificationLink": "wa-doc:M443041",
            "desc": "Moorings",
            "burdenedParcels": [
              "1317"
            ]
          },
          {
            "interestLink": "689-654-816",
            "interestType": "wa-secondary-purpose:notification",
            "statuteLink": "wa-interest-type:165-pda",
            "originalNotificationLink": "wa-doc:M443040",
            "desc": "Mosquitoes",
            "burdenedParcels": [
              "1317"
            ]
          }
        ]
      },
      "id": "1317"
    },
    {
      "type": "Feature",
      "geometry": {
        "type": "Polygon",
        "coordinates": [
          [
            [
              115.72358878262659,
              -32.55196753462429
            ],
            [
              115.72348766658735,
              -32.551963991273745
            ],
            [
              115.72349100673223,
              -32.55156403899677
            ],
            [
              115.72359212245134,
              -32.55156757331485
            ],
            [
              115.72358878262659,
              -32.55196753462429
            ]
          ]
        ]
      },
      "properties": {
        "appellation": {
          "type": "wa:LotOnPlanAppellation",
          "label": "Lot 938 DP 400715",
          "hasPart": [
            {
              "type": "ParcelType",
              "label": "Lot"
            },
            {
              "type": "ParcelIdentifier",
              "label": "938"
            },
            {
              "type": "PlanType",
              "label": "DP"
            },
            {
              "type": "PlanIdentifier",
              "label": "400715"
            }
          ]
        },
        "area": 421.37,
        "parcelType": "wa-parcel-type:freehold",
        "parcelPurpose": "wa-parcel-purpose:lot",
        "parcelState": "wa-parcel-state:created",
        "interests": [
          {
            "interestLink": "689-654-873",
            "interestType": "wa-secondary-purpose:restrictive-covenant-building-envelope",
            "statuteLink": "wa-interest:easement-tla-136D",
            "originalNotificationLink": "wa-doc:M443039",
            "dateExpires": "2022-12-31T23:59:59Z",
            "burdenedParcels": [
              "1318"
            ],
            "benefitedParcels": [
              "1301",
              "1302",
              "1303",
              "1304",
              "1305",
              "1306",
              "1307",
              "1308",
              "1309",
              "1310",
              "1311",
              "1312",
              "1313",
              "1314",
              "1315",
              "1316",
              "1317",
              "1319",
              "1320",
              "1321",
              "1322",
              "1323",
              "1324",
              "1325",
              "1326",
              "1327",
              "1328",
              "1329",
              "1330"
            ]
          },
          {
            "interestLink": "689-654-908",
            "interestType": "wa-secondary-purpose:notification",
            "statuteLink": "wa-interest-type:70a-tla",
            "originalNotificationLink": "wa-doc:M443041",
            "desc": "Moorings",
            "burdenedParcels": [
              "1318"
            ]
          },
          {
            "interestLink": "689-654-817",
            "interestType": "wa-secondary-purpose:notification",
            "statuteLink": "wa-interest-type:165-pda",
            "originalNotificationLink": "wa-doc:M443040",
            "desc": "Mosquitoes",
            "burdenedParcels": [
              "1318"
            ]
          }
        ]
      },
      "id": "1318"
    },
    {
      "type": "Feature",
      "geometry": {
        "type": "Polygon",
        "coordinates": [
          [
            [
              115.72372175902625,
              -32.551972186113204
            ],
            [
              115.72358878262659,
              -32.55196753462429
            ],
            [
              115.72359212245134,
              -32.55156757331485
            ],
            [
              115.72372548172495,
              -32.55152556782892
            ],
            [
              115.72372175902625,
              -32.551972186113204
            ]
          ]
        ]
      },
      "properties": {
        "appellation": {
          "type": "wa:LotOnPlanAppellation",
          "label": "Lot 939 DP 400715",
          "hasPart": [
            {
              "type": "ParcelType",
              "label": "Lot"
            },
            {
              "type": "ParcelIdentifier",
              "label": "939"
            },
            {
              "type": "PlanType",
              "label": "DP"
            },
            {
              "type": "PlanIdentifier",
              "label": "400715"
            }
          ]
        },
        "area": 586.43,
        "parcelType": "wa-parcel-type:freehold",
        "parcelPurpose": "wa-parcel-purpose:lot",
        "parcelState": "wa-parcel-state:created",
        "interests": [
          {
            "interestLink": "689-654-874",
            "interestType": "wa-secondary-purpose:restrictive-covenant-building-envelope",
            "statuteLink": "wa-interest:easement-tla-136D",
            "originalNotificationLink": "wa-doc:M443039",
            "dateExpires": "2022-12-31T23:59:59Z",
            "burdenedParcels": [
              "1319"
            ],
            "benefitedParcels": [
              "1301",
              "1302",
              "1303",
              "1304",
              "1305",
              "1306",
              "1307",
              "1308",
              "1309",
              "1310",
              "1311",
              "1312",
              "1313",
              "1314",
              "1315",
              "1316",
              "1317",
              "1318",
              "1320",
              "1321",
              "1322",
              "1323",
              "1324",
              "1325",
              "1326",
              "1327",
              "1328",
              "1329",
              "1330"
            ]
          },
          {
            "interestLink": "689-654-818",
            "interestType": "wa-secondary-purpose:notification",
            "statuteLink": "wa-interest-type:165-pda",
            "originalNotificationLink": "wa-doc:M443040",
            "desc": "Mosquitoes",
            "burdenedParcels": [
              "1319"
            ]
          }
        ]
      },
      "id": "1319"
    },
    {
      "type": "Feature",
      "geometry": {
        "type": "Polygon",
        "coordinates": [
          [
            [
              115.72386330125158,
              -32.5515800320861
            ],
            [
              115.72386045501287,
              -32.551921873066966
            ],
            [
              115.72379493229776,
              -32.551974742034226
            ],
            [
              115.72372175902625,
              -32.551972186113204
            ],
            [
              115.72372548172495,
              -32.55152556782892
            ],
            [
              115.72383181438057,
              -32.55152620535432
            ],
            [
              115.72383137727331,
              -32.551578914238384
            ],
            [
              115.72386330125158,
              -32.5515800320861
            ]
          ]
        ]
      },
      "properties": {
        "appellation": {
          "type": "wa:LotOnPlanAppellation",
          "label": "Lot 940 DP 400715",
          "hasPart": [
            {
              "type": "ParcelType",
              "label": "Lot"
            },
            {
              "type": "ParcelIdentifier",
              "label": "940"
            },
            {
              "type": "PlanType",
              "label": "DP"
            },
            {
              "type": "PlanIdentifier",
              "label": "400715"
            }
          ]
        },
        "area": 609.73,
        "parcelType": "wa-parcel-type:freehold",
        "parcelPurpose": "wa-parcel-purpose:lot",
        "parcelState": "wa-parcel-state:created",
        "interests": [
          {
            "interestLink": "689-654-875",
            "interestType": "wa-secondary-purpose:restrictive-covenant-building-envelope",
            "statuteLink": "wa-interest:easement-tla-136D",
            "originalNotificationLink": "wa-doc:M443039",
            "dateExpires": "2022-12-31T23:59:59Z",
            "burdenedParcels": [
              "1320"
            ],
            "benefitedParcels": [
              "1301",
              "1302",
              "1303",
              "1304",
              "1305",
              "1306",
              "1307",
              "1308",
              "1309",
              "1310",
              "1311",
              "1312",
              "1313",
              "1314",
              "1315",
              "1316",
              "1317",
              "1318",
              "1319",
              "1321",
              "1322",
              "1323",
              "1324",
              "1325",
              "1326",
              "1327",
              "1328",
              "1329",
              "1330"
            ]
          },
          {
            "interestLink": "689-654-909",
            "interestType": "wa-secondary-purpose:notification",
            "statuteLink": "wa-interest-type:70a-tla",
            "originalNotificationLink": "wa-doc:M443041",
            "desc": "Moorings",
            "burdenedParcels": [
              "1320"
            ]
          },
          {
            "interestLink": "689-654-819",
            "interestType": "wa-secondary-purpose:notification",
            "statuteLink": "wa-interest-type:165-pda",
            "originalNotificationLink": "wa-doc:M443040",
            "desc": "Mosquitoes",
            "burdenedParcels": [
              "1320"
            ]
          }
        ]
      },
      "id": "1320"
    },
    {
      "type": "Feature",
      "geometry": {
        "type": "Polygon",
        "coordinates": [
          [
            [
              115.72307464929402,
              -32.55232743674037
            ],
            [
              115.7231616826677,
              -32.552371084956626
            ],
            [
              115.72290940186724,
              -32.552731877820946
            ],
            [
              115.72282236827957,
              -32.55268822942675
            ],
            [
              115.72307464929402,
              -32.55232743674037
            ]
          ]
        ]
      },
      "properties": {
        "appellation": {
          "type": "wa:LotOnPlanAppellation",
          "label": "Lot 1006 DP 400715",
          "hasPart": [
            {
              "type": "ParcelType",
              "label": "Lot"
            },
            {
              "type": "ParcelIdentifier",
              "label": "1006"
            },
            {
              "type": "PlanType",
              "label": "DP"
            },
            {
              "type": "PlanIdentifier",
              "label": "400715"
            }
          ]
        },
        "area": 441.75,
        "parcelType": "wa-parcel-type:freehold",
        "parcelPurpose": "wa-parcel-purpose:lot",
        "parcelState": "wa-parcel-state:created",
        "interests": [
          {
            "interestLink": "689-654-876",
            "interestType": "wa-secondary-purpose:restrictive-covenant-building-envelope",
            "statuteLink": "wa-interest:easement-tla-136D",
            "originalNotificationLink": "wa-doc:M443039",
            "dateExpires": "2022-12-31T23:59:59Z",
            "burdenedParcels": [
              "1321"
            ],
            "benefitedParcels": [
              "1301",
              "1302",
              "1303",
              "1304",
              "1305",
              "1306",
              "1307",
              "1308",
              "1309",
              "1310",
              "1311",
              "1312",
              "1313",
              "1314",
              "1315",
              "1316",
              "1317",
              "1318",
              "1319",
              "1320",
              "1322",
              "1323",
              "1324",
              "1325",
              "1326",
              "1327",
              "1328",
              "1329",
              "1330"
            ]
          },
          {
            "interestLink": "689-654-910",
            "interestType": "wa-secondary-purpose:notification",
            "statuteLink": "wa-interest-type:70a-tla",
            "originalNotificationLink": "wa-doc:M443041",
            "desc": "Moorings",
            "burdenedParcels": [
              "1321"
            ]
          },
          {
            "interestLink": "689-654-820",
            "interestType": "wa-secondary-purpose:notification",
            "statuteLink": "wa-interest-type:165-pda",
            "originalNotificationLink": "wa-doc:M443040",
            "desc": "Mosquitoes",
            "burdenedParcels": [
              "1321"
            ]
          }
        ]
      },
      "id": "1321"
    },
    {
      "type": "Feature",
      "geometry": {
        "type": "Polygon",
        "coordinates": [
          [
            [
              115.722987616006,
              -32.55228378846564
            ],
            [
              115.72307464929402,
              -32.55232743674037
            ],
            [
              115.72282236827957,
              -32.55268822942675
            ],
            [
              115.72273533490531,
              -32.552644571955355
            ],
            [
              115.722987616006,
              -32.55228378846564
            ]
          ]
        ]
      },
      "properties": {
        "appellation": {
          "type": "wa:LotOnPlanAppellation",
          "label": "Lot 1007 DP 400715",
          "hasPart": [
            {
              "type": "ParcelType",
              "label": "Lot"
            },
            {
              "type": "ParcelIdentifier",
              "label": "1007"
            },
            {
              "type": "PlanType",
              "label": "DP"
            },
            {
              "type": "PlanIdentifier",
              "label": "400715"
            }
          ]
        },
        "area": 441.75,
        "parcelType": "wa-parcel-type:freehold",
        "parcelPurpose": "wa-parcel-purpose:lot",
        "parcelState": "wa-parcel-state:created",
        "interests": [
          {
            "interestLink": "689-654-878",
            "interestType": "wa-secondary-purpose:restrictive-covenant-building-envelope",
            "statuteLink": "wa-interest:easement-tla-136D",
            "originalNotificationLink": "wa-doc:M443039",
            "dateExpires": "2022-12-31T23:59:59Z",
            "burdenedParcels": [
              "1322"
            ],
            "benefitedParcels": [
              "1301",
              "1302",
              "1303",
              "1304",
              "1305",
              "1306",
              "1307",
              "1308",
              "1309",
              "1310",
              "1311",
              "1312",
              "1313",
              "1314",
              "1315",
              "1316",
              "1317",
              "1318",
              "1319",
              "1320",
              "1321",
              "1323",
              "1324",
              "1325",
              "1326",
              "1327",
              "1328",
              "1329",
              "1330"
            ]
          },
          {
            "interestLink": "689-654-911",
            "interestType": "wa-secondary-purpose:notification",
            "statuteLink": "wa-interest-type:70a-tla",
            "originalNotificationLink": "wa-doc:M443041",
            "desc": "Moorings",
            "burdenedParcels": [
              "1322"
            ]
          },
          {
            "interestLink": "689-654-821",
            "interestType": "wa-secondary-purpose:notification",
            "statuteLink": "wa-interest-type:165-pda",
            "originalNotificationLink": "wa-doc:M443040",
            "desc": "Mosquitoes",
            "burdenedParcels": [
              "1322"
            ]
          }
        ]
      },
      "id": "1322"
    },
    {
      "type": "Feature",
      "geometry": {
        "type": "Polygon",
        "coordinates": [
          [
            [
              115.72290058293135,
              -32.55224013111368
            ],
            [
              115.722987616006,
              -32.55228378846564
            ],
            [
              115.72273533490531,
              -32.552644571955355
            ],
            [
              115.72264831213772,
              -32.55260092355246
            ],
            [
              115.72290058293135,
              -32.55224013111368
            ]
          ]
        ]
      },
      "properties": {
        "appellation": {
          "type": "wa:LotOnPlanAppellation",
          "label": "Lot 1008 DP 400715",
          "hasPart": [
            {
              "type": "ParcelType",
              "label": "Lot"
            },
            {
              "type": "ParcelIdentifier",
              "label": "1008"
            },
            {
              "type": "PlanType",
              "label": "DP"
            },
            {
              "type": "PlanIdentifier",
              "label": "400715"
            }
          ]
        },
        "area": 441.75,
        "parcelType": "wa-parcel-type:freehold",
        "parcelPurpose": "wa-parcel-purpose:lot",
        "parcelState": "wa-parcel-state:created",
        "interests": [
          {
            "interestLink": "689-654-879",
            "interestType": "wa-secondary-purpose:restrictive-covenant-building-envelope",
            "statuteLink": "wa-interest:easement-tla-136D",
            "originalNotificationLink": "wa-doc:M443039",
            "dateExpires": "2022-12-31T23:59:59Z",
            "burdenedParcels": [
              "1323"
            ],
            "benefitedParcels": [
              "1301",
              "1302",
              "1303",
              "1304",
              "1305",
              "1306",
              "1307",
              "1308",
              "1309",
              "1310",
              "1311",
              "1312",
              "1313",
              "1314",
              "1315",
              "1316",
              "1317",
              "1318",
              "1319",
              "1320",
              "1321",
              "1322",
              "1324",
              "1325",
              "1326",
              "1327",
              "1328",
              "1329",
              "1330"
            ]
          },
          {
            "interestLink": "689-654-913",
            "interestType": "wa-secondary-purpose:notification",
            "statuteLink": "wa-interest-type:70a-tla",
            "originalNotificationLink": "wa-doc:M443041",
            "desc": "Moorings",
            "burdenedParcels": [
              "1323"
            ]
          },
          {
            "interestLink": "689-654-822",
            "interestType": "wa-secondary-purpose:notification",
            "statuteLink": "wa-interest-type:165-pda",
            "originalNotificationLink": "wa-doc:M443040",
            "desc": "Mosquitoes",
            "burdenedParcels": [
              "1323"
            ]
          }
        ]
      },
      "id": "1323"
    },
    {
      "type": "Feature",
      "geometry": {
        "type": "Polygon",
        "coordinates": [
          [
            [
              115.72298206474458,
              -32.55194630916247
            ],
            [
              115.7228490139079,
              -32.55194165613552
            ],
            [
              115.72285234636027,
              -32.551541694818084
            ],
            [
              115.72298540712858,
              -32.55154635695398
            ],
            [
              115.72298206474458,
              -32.55194630916247
            ]
          ]
        ]
      },
      "properties": {
        "appellation": {
          "type": "wa:LotOnPlanAppellation",
          "label": "Lot 1009 DP 400715",
          "hasPart": [
            {
              "type": "ParcelType",
              "label": "Lot"
            },
            {
              "type": "ParcelIdentifier",
              "label": "1009"
            },
            {
              "type": "PlanType",
              "label": "DP"
            },
            {
              "type": "PlanIdentifier",
              "label": "400715"
            }
          ]
        },
        "area": 554.44,
        "parcelType": "wa-parcel-type:freehold",
        "parcelPurpose": "wa-parcel-purpose:lot",
        "parcelState": "wa-parcel-state:created",
        "interests": [
          {
            "interestLink": "689-654-880",
            "interestType": "wa-secondary-purpose:restrictive-covenant-building-envelope",
            "statuteLink": "wa-interest:easement-tla-136D",
            "originalNotificationLink": "wa-doc:M443039",
            "dateExpires": "2022-12-31T23:59:59Z",
            "burdenedParcels": [
              "1324"
            ],
            "benefitedParcels": [
              "1301",
              "1302",
              "1303",
              "1304",
              "1305",
              "1306",
              "1307",
              "1308",
              "1309",
              "1310",
              "1311",
              "1312",
              "1313",
              "1314",
              "1315",
              "1316",
              "1317",
              "1318",
              "1319",
              "1320",
              "1321",
              "1322",
              "1323",
              "1325",
              "1326",
              "1327",
              "1328",
              "1329",
              "1330"
            ]
          },
          {
            "interestLink": "689-654-823",
            "interestType": "wa-secondary-purpose:notification",
            "statuteLink": "wa-interest-type:165-pda",
            "originalNotificationLink": "wa-doc:M443040",
            "desc": "Mosquitoes",
            "burdenedParcels": [
              "1324"
            ]
          }
        ]
      },
      "id": "1324"
    },
    {
      "type": "Feature",
      "geometry": {
        "type": "Polygon",
        "coordinates": [
          [
            [
              115.7230831808577,
              -32.55194984390002
            ],
            [
              115.72298206474458,
              -32.55194630916247
            ],
            [
              115.72298540712858,
              -32.55154635695398
            ],
            [
              115.72308652279388,
              -32.55154989167783
            ],
            [
              115.7230831808577,
              -32.55194984390002
            ]
          ]
        ]
      },
      "properties": {
        "appellation": {
          "type": "wa:LotOnPlanAppellation",
          "label": "Lot 1010 DP 400715",
          "hasPart": [
            {
              "type": "ParcelType",
              "label": "Lot"
            },
            {
              "type": "ParcelIdentifier",
              "label": "1010"
            },
            {
              "type": "PlanType",
              "label": "DP"
            },
            {
              "type": "PlanNumber",
              "label": "400715"
            }
          ]
        },
        "area": 421.37,
        "parcelType": "wa-parcel-type:freehold",
        "parcelPurpose": "wa-parcel-purpose:lot",
        "parcelState": "wa-parcel-state:created",
        "interests": [
          {
            "interestLink": "689-654-881",
            "interestType": "wa-secondary-purpose:restrictive-covenant-building-envelope",
            "statuteLink": "wa-interest:easement-tla-136D",
            "originalNotificationLink": "wa-doc:M443039",
            "dateExpires": "2022-12-31T23:59:59Z",
            "burdenedParcels": [
              "1325"
            ],
            "benefitedParcels": [
              "1301",
              "1302",
              "1303",
              "1304",
              "1305",
              "1306",
              "1307",
              "1308",
              "1309",
              "1310",
              "1311",
              "1312",
              "1313",
              "1314",
              "1315",
              "1316",
              "1317",
              "1318",
              "1319",
              "1320",
              "1321",
              "1322",
              "1323",
              "1324",
              "1326",
              "1327",
              "1328",
              "1329",
              "1330"
            ]
          },
          {
            "interestLink": "689-654-915",
            "interestType": "wa-secondary-purpose:notification",
            "statuteLink": "wa-interest-type:70a-tla",
            "originalNotificationLink": "wa-doc:M443041",
            "desc": "Moorings",
            "burdenedParcels": [
              "1325"
            ]
          },
          {
            "interestLink": "689-654-824",
            "interestType": "wa-secondary-purpose:notification",
            "statuteLink": "wa-interest-type:165-pda",
            "originalNotificationLink": "wa-doc:M443040",
            "desc": "Mosquitoes",
            "burdenedParcels": [
              "1325"
            ]
          }
        ]
      },
      "id": "1325"
    },
    {
      "type": "Feature",
      "geometry": {
        "type": "Polygon",
        "coordinates": [
          [
            [
              115.72318429685383,
              -32.55195338757521
            ],
            [
              115.7230831808577,
              -32.55194984390002
            ],
            [
              115.72308652279388,
              -32.55154989167783
            ],
            [
              115.72318763846992,
              -32.551553426320524
            ],
            [
              115.72318429685383,
              -32.55195338757521
            ]
          ]
        ]
      },
      "properties": {
        "appellation": {
          "type": "wa:LotOnPlanAppellation",
          "label": "Lot 1011 DP 400715",
          "hasPart": [
            {
              "type": "ParcelType",
              "label": "Lot"
            },
            {
              "type": "ParcelIdentifier",
              "label": "1011"
            },
            {
              "type": "PlanType",
              "label": "DP"
            },
            {
              "type": "PlanNumber",
              "label": "400715"
            }
          ]
        },
        "area": 421.37,
        "parcelType": "wa-parcel-type:freehold",
        "parcelPurpose": "wa-parcel-purpose:lot",
        "parcelState": "wa-parcel-state:created",
        "interests": [
          {
            "interestLink": "689-654-882",
            "interestType": "wa-secondary-purpose:restrictive-covenant-building-envelope",
            "statuteLink": "wa-interest:easement-tla-136D",
            "originalNotificationLink": "wa-doc:M443039",
            "dateExpires": "2022-12-31T23:59:59Z",
            "burdenedParcels": [
              "1326"
            ],
            "benefitedParcels": [
              "1301",
              "1302",
              "1303",
              "1304",
              "1305",
              "1306",
              "1307",
              "1308",
              "1309",
              "1310",
              "1311",
              "1312",
              "1313",
              "1314",
              "1315",
              "1316",
              "1317",
              "1318",
              "1319",
              "1320",
              "1321",
              "1322",
              "1323",
              "1324",
              "1325",
              "1327",
              "1328",
              "1329",
              "1330"
            ]
          },
          {
            "interestLink": "689-654-916",
            "interestType": "wa-secondary-purpose:notification",
            "statuteLink": "wa-interest-type:70a-tla",
            "originalNotificationLink": "wa-doc:M443041",
            "desc": "Moorings",
            "burdenedParcels": [
              "1326"
            ]
          },
          {
            "interestLink": "689-654-825",
            "interestType": "wa-secondary-purpose:notification",
            "statuteLink": "wa-interest-type:165-pda",
            "originalNotificationLink": "wa-doc:M443040",
            "desc": "Mosquitoes",
            "burdenedParcels": [
              "1326"
            ]
          }
        ]
      },
      "id": "1326"
    },
    {
      "type": "Feature",
      "geometry": {
        "type": "Polygon",
        "coordinates": [
          [
            [
              115.72280603386596,
              -32.55215415633723
            ],
            [
              115.72290058293135,
              -32.55224013111368
            ],
            [
              115.72264831213772,
              -32.55260092355246
            ],
            [
              115.72253379416223,
              -32.552543483611494
            ],
            [
              115.72280603386596,
              -32.55215415633723
            ]
          ]
        ]
      },
      "properties": {
        "appellation": {
          "type": "wa:LotOnPlanAppellation",
          "label": "Lot 1015 DP 400715",
          "hasPart": [
            {
              "type": "ParcelType",
              "label": "Lot"
            },
            {
              "type": "ParcelIdentifier",
              "label": "1015"
            },
            {
              "type": "PlanType",
              "label": "DP"
            },
            {
              "type": "PlanNumber",
              "label": "400715"
            }
          ]
        },
        "area": 604.24,
        "parcelType": "wa-parcel-type:freehold",
        "parcelPurpose": "wa-parcel-purpose:lot",
        "parcelState": "wa-parcel-state:created",
        "interests": [
          {
            "interestLink": "689-654-883",
            "interestType": "wa-secondary-purpose:restrictive-covenant-building-envelope",
            "statuteLink": "wa-interest:easement-tla-136D",
            "originalNotificationLink": "wa-doc:M443039",
            "dateExpires": "2022-12-31T23:59:59Z",
            "burdenedParcels": [
              "1327"
            ],
            "benefitedParcels": [
              "1301",
              "1302",
              "1303",
              "1304",
              "1305",
              "1306",
              "1307",
              "1308",
              "1309",
              "1310",
              "1311",
              "1312",
              "1313",
              "1314",
              "1315",
              "1316",
              "1317",
              "1318",
              "1319",
              "1320",
              "1321",
              "1322",
              "1323",
              "1324",
              "1325",
              "1326",
              "1328",
              "1329",
              "1330"
            ]
          },
          {
            "interestLink": "689-654-826",
            "interestType": "wa-secondary-purpose:notification",
            "statuteLink": "wa-interest-type:165-pda",
            "originalNotificationLink": "wa-doc:M443040",
            "desc": "Mosquitoes",
            "burdenedParcels": [
              "1327"
            ]
          }
        ]
      },
      "id": "1327"
    },
    {
      "type": "Feature",
      "geometry": {
        "type": "Polygon",
        "coordinates": [
          [
            [
              115.72267155821261,
              -32.552125260725745
            ],
            [
              115.72280603386596,
              -32.55215415633723
            ],
            [
              115.72253379416223,
              -32.552543483611494
            ],
            [
              115.72241927620726,
              -32.55248605258813
            ],
            [
              115.72267155821261,
              -32.552125260725745
            ]
          ]
        ]
      },
      "properties": {
        "appellation": {
          "type": "wa:LotOnPlanAppellation",
          "label": "Lot 1016 DP 400715",
          "hasPart": [
            {
              "type": "ParcelType",
              "label": "Lot"
            },
            {
              "type": "ParcelIdentifier",
              "label": "1016"
            },
            {
              "type": "PlanType",
              "label": "DP"
            },
            {
              "type": "PlanNumber",
              "label": "400715"
            }
          ]
        },
        "area": 604.24,
        "parcelType": "wa-parcel-type:freehold",
        "parcelPurpose": "wa-parcel-purpose:lot",
        "parcelState": "wa-parcel-state:created",
        "interests": [
          {
            "interestLink": "689-654-884",
            "interestType": "wa-secondary-purpose:restrictive-covenant-building-envelope",
            "statuteLink": "wa-interest:easement-tla-136D",
            "originalNotificationLink": "wa-doc:M443039",
            "dateExpires": "2022-12-31T23:59:59Z",
            "burdenedParcels": [
              "1328"
            ],
            "benefitedParcels": [
              "1301",
              "1302",
              "1303",
              "1304",
              "1305",
              "1306",
              "1307",
              "1308",
              "1309",
              "1310",
              "1311",
              "1312",
              "1313",
              "1314",
              "1315",
              "1316",
              "1317",
              "1318",
              "1319",
              "1320",
              "1321",
              "1322",
              "1323",
              "1324",
              "1325",
              "1326",
              "1327",
              "1329",
              "1330"
            ]
          },
          {
            "interestLink": "689-654-827",
            "interestType": "wa-secondary-purpose:notification",
            "statuteLink": "wa-interest-type:165-pda",
            "originalNotificationLink": "wa-doc:M443040",
            "desc": "Mosquitoes",
            "burdenedParcels": [
              "1328"
            ]
          }
        ]
      },
      "id": "1328"
    },
    {
      "type": "Feature",
      "geometry": {
        "type": "Polygon",
        "coordinates": [
          [
            [
              115.72271605700827,
              -32.55192435777946
            ],
            [
              115.72256691081081,
              -32.55188834048001
            ],
            [
              115.72255675363822,
              -32.55187684491108
            ],
            [
              115.72255791999942,
              -32.551737379370145
            ],
            [
              115.72255963372628,
              -32.551531459485936
            ],
            [
              115.72271929613149,
              -32.55153704166863
            ],
            [
              115.72271605700827,
              -32.55192435777946
            ]
          ]
        ]
      },
      "properties": {
        "appellation": {
          "type": "wa:LotOnPlanAppellation",
          "label": "Lot 1017 DP 400715",
          "hasPart": [
            {
              "type": "ParcelType",
              "label": "Lot"
            },
            {
              "type": "ParcelIdentifier",
              "label": "1017"
            },
            {
              "type": "PlanType",
              "label": "DP"
            },
            {
              "type": "PlanNumber",
              "label": "400715"
            }
          ]
        },
        "area": 616.44,
        "parcelType": "wa-parcel-type:freehold",
        "parcelPurpose": "wa-parcel-purpose:lot",
        "parcelState": "wa-parcel-state:created",
        "interests": [
          {
            "interestLink": "689-654-885",
            "interestType": "wa-secondary-purpose:restrictive-covenant-building-envelope",
            "statuteLink": "wa-interest:easement-tla-136D",
            "originalNotificationLink": "wa-doc:M443039",
            "dateExpires": "2022-12-31T23:59:59Z",
            "burdenedParcels": [
              "1329"
            ],
            "benefitedParcels": [
              "1301",
              "1302",
              "1303",
              "1304",
              "1305",
              "1306",
              "1307",
              "1308",
              "1309",
              "1310",
              "1311",
              "1312",
              "1313",
              "1314",
              "1315",
              "1316",
              "1317",
              "1318",
              "1319",
              "1320",
              "1321",
              "1322",
              "1323",
              "1324",
              "1325",
              "1326",
              "1327",
              "1328",
              "1330"
            ]
          },
          {
            "interestLink": "689-654-828",
            "interestType": "wa-secondary-purpose:notification",
            "statuteLink": "wa-interest-type:165-pda",
            "originalNotificationLink": "wa-doc:M443040",
            "desc": "Mosquitoes",
            "burdenedParcels": [
              "1329"
            ]
          }
        ]
      },
      "id": "1329"
    },
    {
      "type": "Feature",
      "geometry": {
        "type": "Polygon",
        "coordinates": [
          [
            [
              115.7228490139079,
              -32.55194165613552
            ],
            [
              115.72277730971304,
              -32.551939150670826
            ],
            [
              115.72271605700827,
              -32.55192435777946
            ],
            [
              115.72271929613149,
              -32.55153704166863
            ],
            [
              115.72285234636027,
              -32.551541694818084
            ],
            [
              115.7228490139079,
              -32.55194165613552
            ]
          ]
        ]
      },
      "properties": {
        "appellation": {
          "type": "wa:LotOnPlanAppellation",
          "label": "Lot 1018 DP 400715",
          "hasPart": [
            {
              "type": "ParcelType",
              "label": "Lot"
            },
            {
              "type": "ParcelIdentifier",
              "label": "1018"
            },
            {
              "type": "PlanType",
              "label": "DP"
            },
            {
              "type": "PlanNumber",
              "label": "400715"
            }
          ]
        },
        "area": 550.4,
        "parcelType": "wa-parcel-type:freehold",
        "parcelPurpose": "wa-parcel-purpose:lot",
        "parcelState": "wa-parcel-state:created",
        "interests": [
          {
            "interestLink": "689-654-886",
            "interestType": "wa-secondary-purpose:restrictive-covenant-building-envelope",
            "statuteLink": "wa-interest:easement-tla-136D",
            "originalNotificationLink": "wa-doc:M443039",
            "dateExpires": "2022-12-31T23:59:59Z",
            "burdened": {
              "references": [
                "1330"
              ]
            },
            "benefitedParcels": [
              "1301",
              "1302",
              "1303",
              "1304",
              "1305",
              "1306",
              "1307",
              "1308",
              "1309",
              "1310",
              "1311",
              "1312",
              "1313",
              "1314",
              "1315",
              "1316",
              "1317",
              "1318",
              "1319",
              "1320",
              "1321",
              "1322",
              "1323",
              "1324",
              "1325",
              "1326",
              "1327",
              "1328",
              "1329"
            ]
          },
          {
            "interestLink": "689-654-829",
            "interestType": "wa-secondary-purpose:notification",
            "statutoryReference": "wa-interest-type:165-pda",
            "originalNotificationLink": "wa-doc:M443040",
            "desc": "Mosquitoes",
            "burdened": {
              "references": [
                "1330"
              ]
            }
          }
        ]
      },
      "id": "1330"
    },
    {
      "type": "Feature",
      "geometry": {
        "type": "Polygon",
        "coordinates": [
          [
            [
              115.72299333759916,
              -32.55206402739896
            ],
            [
              115.72381742597045,
              -32.552092853749365
            ],
            [
              115.72387986025434,
              -32.55214834766014
            ],
            [
              115.7238372736029,
              -32.552148095736705
            ],
            [
              115.72383699313683,
              -32.55218145814584
            ],
            [
              115.72387957980405,
              -32.55218171006977
            ],
            [
              115.72387679030908,
              -32.552515776292516
            ],
            [
              115.72381739417187,
              -32.55254585058683
            ],
            [
              115.7234872080876,
              -32.55239811376779
            ],
            [
              115.72298827351086,
              -32.55214787165914
            ],
            [
              115.72299333759916,
              -32.55206402739896
            ]
          ]
        ]
      },
      "properties": {
        "appellation": {
          "type": "wa:LotOnPlanAppellation",
          "label": "Lot 8015 DP 400715",
          "hasPart": [
            {
              "type": "ParcelType",
              "label": "Lot"
            },
            {
              "type": "ParcelIdentifier",
              "label": "8015"
            },
            {
              "type": "PlanType",
              "label": "DP"
            },
            {
              "type": "PlanNumber",
              "label": "400715"
            }
          ]
        },
        "area": 2608.77,
        "parcelType": "wa-parcel-type:crown",
        "parcelPurpose": "wa-parcel-purpose:reserve-vest",
        "parcelState": "wa-parcel-state:created",
        "interests": []
      },
      "id": "1331"
    },
    {
      "type": "Feature",
      "geometry": {
        "type": "Polygon",
        "coordinates": [
          [
            [
              115.71895149247248,
              -32.55146714075782
            ],
            [
              115.7194818665959,
              -32.551428301024934
            ],
            [
              115.71963678594184,
              -32.549536403781765
            ],
            [
              115.7219896446572,
              -32.54950956217969
            ],
            [
              115.72241125332451,
              -32.54952457245657
            ],
            [
              115.72241061412447,
              -32.549601263668
            ],
            [
              115.72241008151826,
              -32.54966441682775
            ],
            [
              115.72241004945016,
              -32.54966893555993
            ],
            [
              115.72240682727558,
              -32.550053482762614
            ],
            [
              115.7219519691454,
              -32.55003756614496
            ],
            [
              115.72122453353711,
              -32.55004586350864
            ],
            [
              115.72091010526444,
              -32.550139630452854
            ],
            [
              115.72078780242454,
              -32.550141028869334
            ],
            [
              115.72078898747772,
              -32.55021514984701
            ],
            [
              115.72056062855275,
              -32.550982427474224
            ],
            [
              115.72049888266203,
              -32.55127492427998
            ],
            [
              115.7200387595763,
              -32.55158150476989
            ],
            [
              115.7200342951337,
              -32.55117573655885
            ],
            [
              115.71968982183009,
              -32.55158425644478
            ],
            [
              115.71966857875616,
              -32.55158847796201
            ],
            [
              115.71908107239197,
              -32.55159310951346
            ],
            [
              115.71905982929103,
              -32.55159733092704
            ],
            [
              115.71897057107549,
              -32.55159803596867
            ],
            [
              115.71895149247248,
              -32.55146714075782
            ]
          ]
        ]
      },
      "properties": {
        "appellation": "9018a",
        "area": 33365.28,
        "parcelType": "wa-parcel-type:freehold",
        "parcelPurpose": "wa-parcel-purpose:vacant-strata-lot",
        "parcelState": "wa-parcel-state:created",
        "interests": []
      },
      "id": "1332"
    },
    {
      "type": "Feature",
      "geometry": {
        "type": "Polygon",
        "coordinates": [
          [
            [
              115.72387374959926,
              -32.550328476267346
            ],
            [
              115.72386330125158,
              -32.5515800320861
            ],
            [
              115.72383137727331,
              -32.551578914238384
            ],
            [
              115.72383181438057,
              -32.55152620535432
            ],
            [
              115.7238332170627,
              -32.5513578598811
            ],
            [
              115.72367222429268,
              -32.55135222953002
            ],
            [
              115.72352329133544,
              -32.551303443109376
            ],
            [
              115.72252369828348,
              -32.55126847485993
            ],
            [
              115.7223709032137,
              -32.551216463750585
            ],
            [
              115.72200313526147,
              -32.551203588127784
            ],
            [
              115.72198990428421,
              -32.55115349143139
            ],
            [
              115.7219667092492,
              -32.55115267833546
            ],
            [
              115.7219667092492,
              -32.55115267833546
            ],
            [
              115.72196380030756,
              -32.551212145164826
            ],
            [
              115.72195524645171,
              -32.55120025092525
            ],
            [
              115.72174602213433,
              -32.55190819276434
            ],
            [
              115.72148125327342,
              -32.55201071933709
            ],
            [
              115.72156527791891,
              -32.55186987758036
            ],
            [
              115.72148125327342,
              -32.55201071933709
            ],
            [
              115.72028996577785,
              -32.55400752019307
            ],
            [
              115.72065454717905,
              -32.551568253751384
            ],
            [
              115.72083167946919,
              -32.55164564450661
            ],
            [
              115.72075260812124,
              -32.55140724218867
            ],
            [
              115.72102846062144,
              -32.550480386268205
            ],
            [
              115.72128806858782,
              -32.55030666675207
            ],
            [
              115.72129172012518,
              -32.55053658948303
            ],
            [
              115.72194766555582,
              -32.550299140637094
            ],
            [
              115.72355422035128,
              -32.550355368321135
            ],
            [
              115.72368235626905,
              -32.550312074059434
            ],
            [
              115.72387374959926,
              -32.550328476267346
            ]
          ]
        ]
      },
      "properties": {
        "appellation": "9018b",
        "area": 36771.78,
        "parcelType": "wa-parcel-type:freehold",
        "parcelPurpose": "wa-parcel-purpose:vacant-strata-lot",
        "parcelState": "wa-parcel-state:created",
        "interests": []
      },
      "id": "1333"
    },
    {
      "type": "Feature",
      "geometry": {
        "type": "Polygon",
        "coordinates": [
          [
            [
              115.72385999409893,
              -32.55197701712679
            ],
            [
              115.723880305644,
              -32.552095052559274
            ],
            [
              115.72381742597045,
              -32.552092853749365
            ],
            [
              115.72299333759916,
              -32.55206402739896
            ],
            [
              115.72277730971304,
              -32.551939150670826
            ],
            [
              115.7228490139079,
              -32.55194165613552
            ],
            [
              115.72298206474458,
              -32.55194630916247
            ],
            [
              115.7230831808577,
              -32.55194984390002
            ],
            [
              115.72318429685383,
              -32.55195338757521
            ],
            [
              115.72328542363712,
              -32.55195692225859
            ],
            [
              115.72338653978252,
              -32.55196045675268
            ],
            [
              115.72348766658735,
              -32.551963991273745
            ],
            [
              115.72358878262659,
              -32.55196753462429
            ],
            [
              115.72372175902625,
              -32.551972186113204
            ],
            [
              115.72379493229776,
              -32.551974742034226
            ],
            [
              115.72385999409893,
              -32.55197701712679
            ]
          ]
        ]
      },
      "properties": {
        "appellation": "Midas Retreat",
        "area": 1203.49,
        "parcelType": "wa-parcel-type:freehold",
        "parcelPurpose": "wa-parcel-purpose:road-vest",
        "parcelState": "wa-parcel-state:created",
        "interests": []
      },
      "id": "1334"
    },
    {
      "type": "Feature",
      "geometry": {
        "type": "Polygon",
        "coordinates": [
          [
            [
              115.72299333759916,
              -32.55206402739896
            ],
            [
              115.72251925492803,
              -32.55212187297039
            ],
            [
              115.72243838963958,
              -32.552237509324016
            ],
            [
              115.72238017005515,
              -32.55221459294734
            ],
            [
              115.72249126613015,
              -32.552055723964806
            ],
            [
              115.72249258698868,
              -32.551897092344596
            ],
            [
              115.72249394420456,
              -32.55173514170301
            ],
            [
              115.72255791999942,
              -32.551737379370145
            ],
            [
              115.72255675363822,
              -32.55187684491108
            ],
            [
              115.7225566684656,
              -32.55188586411876
            ],
            [
              115.72256691081081,
              -32.55188834048001
            ],
            [
              115.72271605700827,
              -32.55192435777946
            ],
            [
              115.72277730971304,
              -32.551939150670826
            ],
            [
              115.72299333759916,
              -32.55206402739896
            ]
          ]
        ]
      },
      "properties": {
        "appellation": "Midas Retreat",
        "area": 964.73,
        "parcelType": "wa-parcel-type:road",
        "parcelPurpose": "wa-parcel-purpose:lot",
        "parcelState": "wa-parcel-state:created",
        "interests": []
      },
      "id": "1335"
    },
    {
      "type": "Feature",
      "geometry": {
        "type": "Polygon",
        "coordinates": [
          [
            [
              115.72387632165818,
              -32.55257221915968
            ],
            [
              115.72392825184677,
              -32.552728035919735
            ],
            [
              115.72386536611776,
              -32.55269989533313
            ],
            [
              115.72374766973272,
              -32.55264723191924
            ],
            [
              115.72362999453011,
              -32.55259458665194
            ],
            [
              115.72351240427453,
              -32.55254196919888
            ],
            [
              115.72342287015228,
              -32.55250191287572
            ],
            [
              115.72341956817895,
              -32.55250043613177
            ],
            [
              115.7234872080876,
              -32.55239811376779
            ],
            [
              115.72381739417187,
              -32.55254585058683
            ],
            [
              115.72387632165818,
              -32.55257221915968
            ]
          ]
        ]
      },
      "properties": {
        "appellation": "Midas Retreat",
        "area": 619.88,
        "parcelType": "wa-parcel-type:road",
        "parcelPurpose": "wa-parcel-purpose:lot",
        "parcelState": "wa-parcel-state:created",
        "interests": []
      },
      "id": "1336"
    },
    {
      "type": "Feature",
      "geometry": {
        "type": "Polygon",
        "coordinates": [
          [
            [
              115.72298827351086,
              -32.55214787165914
            ],
            [
              115.72290058293135,
              -32.55224013111368
            ],
            [
              115.722987616006,
              -32.55228378846564
            ],
            [
              115.72307464929402,
              -32.55232743674037
            ],
            [
              115.7231616826677,
              -32.552371084956626
            ],
            [
              115.72324871599932,
              -32.552414742133216
            ],
            [
              115.72333573889556,
              -32.55245839012443
            ],
            [
              115.72341956817895,
              -32.55250043613177
            ],
            [
              115.7234872080876,
              -32.55239811376779
            ],
            [
              115.72298827351086,
              -32.55214787165914
            ]
          ]
        ]
      },
      "properties": {
        "appellation": "Midas Retreat",
        "area": 722.23,
        "parcelType": "wa-parcel-type:road",
        "parcelPurpose": "wa-parcel-purpose:lot",
        "parcelState": "wa-parcel-state:created",
        "interests": []
      },
      "id": "1337"
    },
    {
      "type": "Feature",
      "geometry": {
        "type": "Polygon",
        "coordinates": [
          [
            [
              115.72299333759916,
              -32.55206402739896
            ],
            [
              115.72251925492803,
              -32.55212187297039
            ],
            [
              115.72267155821261,
              -32.552125260725745
            ],
            [
              115.72280603386596,
              -32.55215415633723
            ],
            [
              115.72290058293135,
              -32.55224013111368
            ],
            [
              115.72298827351086,
              -32.55214787165914
            ],
            [
              115.72299333759916,
              -32.55206402739896
            ]
          ]
        ]
      },
      "properties": {
        "appellation": "Midas Retreat",
        "area": 309.65,
        "parcelType": "wa-parcel-type:road",
        "parcelPurpose": "wa-parcel-purpose:lot",
        "parcelState": "wa-parcel-state:created",
        "interests": []
      },
      "id": "1338"
    },
    {
      "type": "Feature",
      "geometry": {
        "type": "Polygon",
        "coordinates": [
          [
            [
              115.72385999409893,
              -32.55197701712679
            ],
            [
              115.72386045501287,
              -32.551921873066966
            ],
            [
              115.72379493229776,
              -32.551974742034226
            ],
            [
              115.72385999409893,
              -32.55197701712679
            ]
          ]
        ]
      },
      "properties": {
        "appellation": "Midas Retreat",
        "area": 18.69,
        "parcelType": "wa-parcel-type:road",
        "parcelPurpose": "wa-parcel-purpose:lot",
        "parcelState": "wa-parcel-state:created",
        "interests": []
      },
      "id": "1339"
    },
    {
      "type": "Feature",
      "geometry": {
        "type": "Polygon",
        "coordinates": [
          [
            [
              115.7225566684656,
              -32.55188586411876
            ],
            [
              115.72256691081081,
              -32.55188834048001
            ],
            [
              115.72255675363822,
              -32.55187684491108
            ],
            [
              115.7225566684656,
              -32.55188586411876
            ]
          ]
        ]
      },
      "properties": {
        "appellation": "Midas Retreat",
        "area": 0.48,
        "parcelType": "wa-parcel-type:road",
        "parcelPurpose": "wa-parcel-purpose:lot",
        "parcelState": "wa-parcel-state:created",
        "interests": []
      },
      "id": "1340"
    },
    {
      "type": "Feature",
      "geometry": {
        "type": "Polygon",
        "coordinates": [
          [
            [
              115.723880305644,
              -32.552095052559274
            ],
            [
              115.72381742597045,
              -32.552092853749365
            ],
            [
              115.72387986025434,
              -32.55214834766014
            ],
            [
              115.723880305644,
              -32.552095052559274
            ]
          ]
        ]
      },
      "properties": {
        "appellation": "Midas Retreat",
        "area": 17.45,
        "parcelType": "wa-parcel-type:road",
        "parcelPurpose": "wa-parcel-purpose:lot",
        "parcelState": "wa-parcel-state:created",
        "interests": []
      },
      "id": "1341"
    },
    {
      "type": "Feature",
      "geometry": {
        "type": "Polygon",
        "coordinates": [
          [
            [
              115.72387632165818,
              -32.55257221915968
            ],
            [
              115.72387679030908,
              -32.552515776292516
            ],
            [
              115.72381739417187,
              -32.55254585058683
            ],
            [
              115.72387632165818,
              -32.55257221915968
            ]
          ]
        ]
      },
      "properties": {
        "appellation": "Midas Retreat",
        "area": 17.39,
        "parcelType": "wa-parcel-type:road",
        "parcelPurpose": "wa-parcel-purpose:lot",
        "parcelState": "wa-parcel-state:created",
        "interests": []
      },
      "id": "1342"
    },
    {
      "type": "Feature",
      "geometry": {
        "type": "Polygon",
        "coordinates": [
          [
            [
              115.71895149247248,
              -32.55146714075782
            ],
            [
              115.7194818665959,
              -32.551428301024934
            ],
            [
              115.71963678594184,
              -32.549536403781765
            ],
            [
              115.7219896446572,
              -32.54950956217969
            ],
            [
              115.72241125332451,
              -32.54952457245657
            ],
            [
              115.72241061412447,
              -32.549601263668
            ],
            [
              115.72241008151826,
              -32.54966441682775
            ],
            [
              115.72241004945016,
              -32.54966893555993
            ],
            [
              115.72240682727558,
              -32.550053482762614
            ],
            [
              115.7219519691454,
              -32.55003756614496
            ],
            [
              115.72122453353711,
              -32.55004586350864
            ],
            [
              115.72091010526444,
              -32.550139630452854
            ],
            [
              115.72078780242454,
              -32.550141028869334
            ],
            [
              115.72078898747772,
              -32.55021514984701
            ],
            [
              115.72056062855275,
              -32.550982427474224
            ],
            [
              115.72049888266203,
              -32.55127492427998
            ],
            [
              115.7200387595763,
              -32.55158150476989
            ],
            [
              115.7200342951337,
              -32.55117573655885
            ],
            [
              115.71968982183009,
              -32.55158425644478
            ],
            [
              115.71966857875616,
              -32.55158847796201
            ],
            [
              115.71908107239197,
              -32.55159310951346
            ],
            [
              115.71905982929103,
              -32.55159733092704
            ],
            [
              115.71897057107549,
              -32.55159803596867
            ],
            [
              115.71895149247248,
              -32.55146714075782
            ]
          ]
        ]
      },
      "properties": {
        "appellation": "SURROUND",
        "area": 33365.28,
        "parcelType": "wa-parcel-type:miscellaneous",
        "parcelPurpose": "wa-parcel-purpose:lot",
        "parcelState": "wa-parcel-state:created",
        "interests": []
      },
      "id": "1343"
    },
    {
      "type": "Feature",
      "geometry": {
        "type": "Polygon",
        "coordinates": [
          [
            [
              115.72335851952867,
              -32.55295713386842
            ],
            [
              115.72325752629779,
              -32.55290647972376
            ],
            [
              115.72317049236754,
              -32.55286283156339
            ],
            [
              115.72308346917174,
              -32.552819183452726
            ],
            [
              115.72299643554052,
              -32.55277552615668
            ],
            [
              115.72290940186724,
              -32.552731877820946
            ],
            [
              115.72282236827957,
              -32.55268822942675
            ],
            [
              115.72273533490531,
              -32.552644571955355
            ],
            [
              115.72264831213772,
              -32.55260092355246
            ],
            [
              115.72253379416223,
              -32.552543483611494
            ],
            [
              115.72241927620726,
              -32.55248605258813
            ],
            [
              115.72230476917706,
              -32.552428612553015
            ],
            [
              115.72206728475005,
              -32.55230949683274
            ],
            [
              115.7219912868419,
              -32.552155301817464
            ],
            [
              115.72215137918306,
              -32.55218923919512
            ],
            [
              115.72201610986909,
              -32.55207132474562
            ],
            [
              115.72204676187285,
              -32.55196757178588
            ],
            [
              115.72208158577692,
              -32.55184974481303
            ],
            [
              115.72211932921309,
              -32.55172204346551
            ],
            [
              115.72215747556861,
              -32.55159295710706
            ],
            [
              115.72227054055847,
              -32.551521341442445
            ],
            [
              115.72226593035883,
              -32.551615951231504
            ],
            [
              115.72255963372628,
              -32.551531459485936
            ],
            [
              115.72271929613149,
              -32.55153704166863
            ],
            [
              115.72285234636027,
              -32.551541694818084
            ],
            [
              115.72298540712858,
              -32.55154635695398
            ],
            [
              115.72308652279388,
              -32.55154989167783
            ],
            [
              115.72318763846992,
              -32.551553426320524
            ],
            [
              115.72328876480536,
              -32.55155696099024
            ],
            [
              115.72338988037527,
              -32.5515605044894
            ],
            [
              115.72349100673223,
              -32.55156403899677
            ],
            [
              115.72359212245134,
              -32.55156757331485
            ],
            [
              115.72372548172495,
              -32.55152556782892
            ],
            [
              115.72383181438057,
              -32.55152620535432
            ],
            [
              115.7238332170627,
              -32.5513578598811
            ],
            [
              115.72367222429268,
              -32.55135222953002
            ],
            [
              115.72352329133544,
              -32.551303443109376
            ],
            [
              115.72252369828348,
              -32.55126847485993
            ],
            [
              115.7223709032137,
              -32.551216463750585
            ],
            [
              115.72200313526147,
              -32.551203588127784
            ],
            [
              115.72198990428421,
              -32.55115349143139
            ],
            [
              115.7219667092492,
              -32.55115267833546
            ],
            [
              115.7219667092492,
              -32.55115267833546
            ],
            [
              115.72196380030756,
              -32.551212145164826
            ],
            [
              115.72195524645171,
              -32.55120025092525
            ],
            [
              115.72174602213433,
              -32.55190819276434
            ],
            [
              115.72148125327342,
              -32.55201071933709
            ],
            [
              115.72156527791891,
              -32.55186987758036
            ],
            [
              115.72148125327342,
              -32.55201071933709
            ],
            [
              115.72028996577785,
              -32.55400752019307
            ],
            [
              115.72065454717905,
              -32.551568253751384
            ],
            [
              115.72083167946919,
              -32.55164564450661
            ],
            [
              115.72075260812124,
              -32.55140724218867
            ],
            [
              115.72102846062144,
              -32.550480386268205
            ],
            [
              115.72128806858782,
              -32.55030666675207
            ],
            [
              115.72129172012518,
              -32.55053658948303
            ],
            [
              115.72194766555582,
              -32.550299140637094
            ],
            [
              115.72355422035128,
              -32.550355368321135
            ],
            [
              115.72368235626905,
              -32.550312074059434
            ],
            [
              115.72387374959926,
              -32.550328476267346
            ],
            [
              115.72386330125158,
              -32.5515800320861
            ],
            [
              115.72386045501287,
              -32.551921873066966
            ],
            [
              115.72385999409893,
              -32.55197701712679
            ],
            [
              115.723880305644,
              -32.552095052559274
            ],
            [
              115.72387986025434,
              -32.55214834766014
            ],
            [
              115.7238372736029,
              -32.552148095736705
            ],
            [
              115.72383699313683,
              -32.55218145814584
            ],
            [
              115.72387957980405,
              -32.55218171006977
            ],
            [
              115.72387679030908,
              -32.552515776292516
            ],
            [
              115.72387632165818,
              -32.55257221915968
            ],
            [
              115.72392825184677,
              -32.552728035919735
            ],
            [
              115.72392662248362,
              -32.55292369184389
            ],
            [
              115.7239244405687,
              -32.55318472866579
            ],
            [
              115.72383682723095,
              -32.553161658885756
            ],
            [
              115.72364028274158,
              -32.55307761682885
            ],
            [
              115.72352147327678,
              -32.55302681807421
            ],
            [
              115.7233869752832,
              -32.55296930229125
            ],
            [
              115.72335851952867,
              -32.55295713386842
            ]
          ]
        ]
      },
      "properties": {
        "appellation": "SURROUND",
        "area": 59854.61,
        "parcelType": "wa-parcel-type:miscellaneous",
        "parcelPurpose": "wa-parcel-purpose:lot",
        "parcelState": "wa-parcel-state:created",
        "interests": []
      },
      "id": "1344"
    },
    {
      "type": "Feature",
      "geometry": {
        "type": "Polygon",
        "coordinates": [
          [
            [
              [
                115.71895149247248,
                -32.55146714075782
              ],
              [
                115.7194818665959,
                -32.551428301024934
              ],
              [
                115.71963678594184,
                -32.549536403781765
              ],
              [
                115.7219896446572,
                -32.54950956217969
              ],
              [
                115.72241125332451,
                -32.54952457245657
              ],
              [
                115.72241061412447,
                -32.549601263668
              ],
              [
                115.72241008151826,
                -32.54966441682775
              ],
              [
                115.72241004945016,
                -32.54966893555993
              ],
              [
                115.72240682727558,
                -32.550053482762614
              ],
              [
                115.7219519691454,
                -32.55003756614496
              ],
              [
                115.72122453353711,
                -32.55004586350864
              ],
              [
                115.72091010526444,
                -32.550139630452854
              ],
              [
                115.72078780242454,
                -32.550141028869334
              ],
              [
                115.72078898747772,
                -32.55021514984701
              ],
              [
                115.72056062855275,
                -32.550982427474224
              ],
              [
                115.72049888266203,
                -32.55127492427998
              ],
              [
                115.7200387595763,
                -32.55158150476989
              ],
              [
                115.7200342951337,
                -32.55117573655885
              ],
              [
                115.71968982183009,
                -32.55158425644478
              ],
              [
                115.71966857875616,
                -32.55158847796201
              ],
              [
                115.71908107239197,
                -32.55159310951346
              ],
              [
                115.71905982929103,
                -32.55159733092704
              ],
              [
                115.71897057107549,
                -32.55159803596867
              ],
              [
                115.71895149247248,
                -32.55146714075782
              ]
            ]
          ],
          [
            [
              [
                115.72387374959926,
                -32.550328476267346
              ],
              [
                115.72386330125158,
                -32.5515800320861
              ],
              [
                115.72383137727331,
                -32.551578914238384
              ],
              [
                115.72383181438057,
                -32.55152620535432
              ],
              [
                115.7238332170627,
                -32.5513578598811
              ],
              [
                115.72367222429268,
                -32.55135222953002
              ],
              [
                115.72352329133544,
                -32.551303443109376
              ],
              [
                115.72252369828348,
                -32.55126847485993
              ],
              [
                115.7223709032137,
                -32.551216463750585
              ],
              [
                115.72200313526147,
                -32.551203588127784
              ],
              [
                115.72198990428421,
                -32.55115349143139
              ],
              [
                115.7219667092492,
                -32.55115267833546
              ],
              [
                115.7219667092492,
                -32.55115267833546
              ],
              [
                115.72196380030756,
                -32.551212145164826
              ],
              [
                115.72195524645171,
                -32.55120025092525
              ],
              [
                115.72174602213433,
                -32.55190819276434
              ],
              [
                115.72148125327342,
                -32.55201071933709
              ],
              [
                115.72156527791891,
                -32.55186987758036
              ],
              [
                115.72148125327342,
                -32.55201071933709
              ],
              [
                115.72028996577785,
                -32.55400752019307
              ],
              [
                115.72065454717905,
                -32.551568253751384
              ],
              [
                115.72083167946919,
                -32.55164564450661
              ],
              [
                115.72075260812124,
                -32.55140724218867
              ],
              [
                115.72102846062144,
                -32.550480386268205
              ],
              [
                115.72128806858782,
                -32.55030666675207
              ],
              [
                115.72129172012518,
                -32.55053658948303
              ],
              [
                115.72194766555582,
                -32.550299140637094
              ],
              [
                115.72355422035128,
                -32.550355368321135
              ],
              [
                115.72368235626905,
                -32.550312074059434
              ],
              [
                115.72387374959926,
                -32.550328476267346
              ]
            ]
          ]
        ]
      },
      "properties": {
        "appellation": {
          "type": "wa:LotOnPlanAppellation",
          "label": "Lot 9018 DP 400715",
          "hasPart": [
            {
              "type": "ParcelType",
              "label": "Lot"
            },
            {
              "type": "ParcelIdentifier",
              "label": "9018"
            },
            {
              "type": "PlanType",
              "label": "DP"
            },
            {
              "type": "PlanNumber",
              "label": "400715"
            }
          ]
        },
        "area": 70139.0,
        "parcelType": "wa-parcel-type:freehold",
        "parcelPurpose": "wa-parcel-purpose:lot",
        "parcelState": "wa-parcel-state:created",
        "interests": []
      },
      "id": "BalanceParcel"
    },
    {
      "type": "Feature",
      "geometry": {
        "type": "Polygon",
        "coordinates": [
          [
            [
              [
                115.72385999409893,
                -32.55197701712679
              ],
              [
                115.723880305644,
                -32.552095052559274
              ],
              [
                115.72381742597045,
                -32.552092853749365
              ],
              [
                115.72299333759916,
                -32.55206402739896
              ],
              [
                115.72277730971304,
                -32.551939150670826
              ],
              [
                115.7228490139079,
                -32.55194165613552
              ],
              [
                115.72298206474458,
                -32.55194630916247
              ],
              [
                115.7230831808577,
                -32.55194984390002
              ],
              [
                115.72318429685383,
                -32.55195338757521
              ],
              [
                115.72328542363712,
                -32.55195692225859
              ],
              [
                115.72338653978252,
                -32.55196045675268
              ],
              [
                115.72348766658735,
                -32.551963991273745
              ],
              [
                115.72358878262659,
                -32.55196753462429
              ],
              [
                115.72372175902625,
                -32.551972186113204
              ],
              [
                115.72379493229776,
                -32.551974742034226
              ],
              [
                115.72385999409893,
                -32.55197701712679
              ]
            ]
          ],
          [
            [
              [
                115.72299333759916,
                -32.55206402739896
              ],
              [
                115.72251925492803,
                -32.55212187297039
              ],
              [
                115.72243838963958,
                -32.552237509324016
              ],
              [
                115.72238017005515,
                -32.55221459294734
              ],
              [
                115.72249126613015,
                -32.552055723964806
              ],
              [
                115.72249258698868,
                -32.551897092344596
              ],
              [
                115.72249394420456,
                -32.55173514170301
              ],
              [
                115.72255791999942,
                -32.551737379370145
              ],
              [
                115.72255675363822,
                -32.55187684491108
              ],
              [
                115.7225566684656,
                -32.55188586411876
              ],
              [
                115.72256691081081,
                -32.55188834048001
              ],
              [
                115.72271605700827,
                -32.55192435777946
              ],
              [
                115.72277730971304,
                -32.551939150670826
              ],
              [
                115.72299333759916,
                -32.55206402739896
              ]
            ]
          ],
          [
            [
              [
                115.72387632165818,
                -32.55257221915968
              ],
              [
                115.72392825184677,
                -32.552728035919735
              ],
              [
                115.72386536611776,
                -32.55269989533313
              ],
              [
                115.72374766973272,
                -32.55264723191924
              ],
              [
                115.72362999453011,
                -32.55259458665194
              ],
              [
                115.72351240427453,
                -32.55254196919888
              ],
              [
                115.72342287015228,
                -32.55250191287572
              ],
              [
                115.72341956817895,
                -32.55250043613177
              ],
              [
                115.7234872080876,
                -32.55239811376779
              ],
              [
                115.72381739417187,
                -32.55254585058683
              ],
              [
                115.72387632165818,
                -32.55257221915968
              ]
            ]
          ],
          [
            [
              [
                115.72298827351086,
                -32.55214787165914
              ],
              [
                115.72290058293135,
                -32.55224013111368
              ],
              [
                115.722987616006,
                -32.55228378846564
              ],
              [
                115.72307464929402,
                -32.55232743674037
              ],
              [
                115.7231616826677,
                -32.552371084956626
              ],
              [
                115.72324871599932,
                -32.552414742133216
              ],
              [
                115.72333573889556,
                -32.55245839012443
              ],
              [
                115.72341956817895,
                -32.55250043613177
              ],
              [
                115.7234872080876,
                -32.55239811376779
              ],
              [
                115.72298827351086,
                -32.55214787165914
              ]
            ]
          ],
          [
            [
              [
                115.72299333759916,
                -32.55206402739896
              ],
              [
                115.72251925492803,
                -32.55212187297039
              ],
              [
                115.72267155821261,
                -32.552125260725745
              ],
              [
                115.72280603386596,
                -32.55215415633723
              ],
              [
                115.72290058293135,
                -32.55224013111368
              ],
              [
                115.72298827351086,
                -32.55214787165914
              ],
              [
                115.72299333759916,
                -32.55206402739896
              ]
            ]
          ],
          [
            [
              [
                115.72385999409893,
                -32.55197701712679
              ],
              [
                115.72386045501287,
                -32.551921873066966
              ],
              [
                115.72379493229776,
                -32.551974742034226
              ],
              [
                115.72385999409893,
                -32.55197701712679
              ]
            ]
          ],
          [
            [
              [
                115.7225566684656,
                -32.55188586411876
              ],
              [
                115.72256691081081,
                -32.55188834048001
              ],
              [
                115.72255675363822,
                -32.55187684491108
              ],
              [
                115.7225566684656,
                -32.55188586411876
              ]
            ]
          ],
          [
            [
              [
                115.723880305644,
                -32.552095052559274
              ],
              [
                115.72381742597045,
                -32.552092853749365
              ],
              [
                115.72387986025434,
                -32.55214834766014
              ],
              [
                115.723880305644,
                -32.552095052559274
              ]
            ]
          ],
          [
            [
              [
                115.72387632165818,
                -32.55257221915968
              ],
              [
                115.72387679030908,
                -32.552515776292516
              ],
              [
                115.72381739417187,
                -32.55254585058683
              ],
              [
                115.72387632165818,
                -32.55257221915968
              ]
            ]
          ]
        ]
      },
      "properties": {
        "appellation": "Midas Retreat",
        "area": 3872.3,
        "parcelType": "wa-parcel-type:road",
        "parcelPurpose": "wa-parcel-purpose:lot",
        "parcelState": "wa-parcel-state:created",
        "interests": []
      },
      "id": "RoadToVest"
    },
    {
      "type": "Feature",
      "geometry": {
        "type": "Polygon",
        "coordinates": [
          [
            [
              [
                115.71895149247248,
                -32.55146714075782
              ],
              [
                115.7194818665959,
                -32.551428301024934
              ],
              [
                115.71963678594184,
                -32.549536403781765
              ],
              [
                115.7219896446572,
                -32.54950956217969
              ],
              [
                115.72241125332451,
                -32.54952457245657
              ],
              [
                115.72241061412447,
                -32.549601263668
              ],
              [
                115.72241008151826,
                -32.54966441682775
              ],
              [
                115.72241004945016,
                -32.54966893555993
              ],
              [
                115.72240682727558,
                -32.550053482762614
              ],
              [
                115.7219519691454,
                -32.55003756614496
              ],
              [
                115.72122453353711,
                -32.55004586350864
              ],
              [
                115.72091010526444,
                -32.550139630452854
              ],
              [
                115.72078780242454,
                -32.550141028869334
              ],
              [
                115.72078898747772,
                -32.55021514984701
              ],
              [
                115.72056062855275,
                -32.550982427474224
              ],
              [
                115.72049888266203,
                -32.55127492427998
              ],
              [
                115.7200387595763,
                -32.55158150476989
              ],
              [
                115.7200342951337,
                -32.55117573655885
              ],
              [
                115.71968982183009,
                -32.55158425644478
              ],
              [
                115.71966857875616,
                -32.55158847796201
              ],
              [
                115.71908107239197,
                -32.55159310951346
              ],
              [
                115.71905982929103,
                -32.55159733092704
              ],
              [
                115.71897057107549,
                -32.55159803596867
              ],
              [
                115.71895149247248,
                -32.55146714075782
              ]
            ]
          ],
          [
            [
              [
                115.72335851952867,
                -32.55295713386842
              ],
              [
                115.72325752629779,
                -32.55290647972376
              ],
              [
                115.72317049236754,
                -32.55286283156339
              ],
              [
                115.72308346917174,
                -32.552819183452726
              ],
              [
                115.72299643554052,
                -32.55277552615668
              ],
              [
                115.72290940186724,
                -32.552731877820946
              ],
              [
                115.72282236827957,
                -32.55268822942675
              ],
              [
                115.72273533490531,
                -32.552644571955355
              ],
              [
                115.72264831213772,
                -32.55260092355246
              ],
              [
                115.72253379416223,
                -32.552543483611494
              ],
              [
                115.72241927620726,
                -32.55248605258813
              ],
              [
                115.72230476917706,
                -32.552428612553015
              ],
              [
                115.72206728475005,
                -32.55230949683274
              ],
              [
                115.7219912868419,
                -32.552155301817464
              ],
              [
                115.72215137918306,
                -32.55218923919512
              ],
              [
                115.72201610986909,
                -32.55207132474562
              ],
              [
                115.72204676187285,
                -32.55196757178588
              ],
              [
                115.72208158577692,
                -32.55184974481303
              ],
              [
                115.72211932921309,
                -32.55172204346551
              ],
              [
                115.72215747556861,
                -32.55159295710706
              ],
              [
                115.72227054055847,
                -32.551521341442445
              ],
              [
                115.72226593035883,
                -32.551615951231504
              ],
              [
                115.72255963372628,
                -32.551531459485936
              ],
              [
                115.72271929613149,
                -32.55153704166863
              ],
              [
                115.72285234636027,
                -32.551541694818084
              ],
              [
                115.72298540712858,
                -32.55154635695398
              ],
              [
                115.72308652279388,
                -32.55154989167783
              ],
              [
                115.72318763846992,
                -32.551553426320524
              ],
              [
                115.72328876480536,
                -32.55155696099024
              ],
              [
                115.72338988037527,
                -32.5515605044894
              ],
              [
                115.72349100673223,
                -32.55156403899677
              ],
              [
                115.72359212245134,
                -32.55156757331485
              ],
              [
                115.72372548172495,
                -32.55152556782892
              ],
              [
                115.72383181438057,
                -32.55152620535432
              ],
              [
                115.7238332170627,
                -32.5513578598811
              ],
              [
                115.72367222429268,
                -32.55135222953002
              ],
              [
                115.72352329133544,
                -32.551303443109376
              ],
              [
                115.72252369828348,
                -32.55126847485993
              ],
              [
                115.7223709032137,
                -32.551216463750585
              ],
              [
                115.72200313526147,
                -32.551203588127784
              ],
              [
                115.72198990428421,
                -32.55115349143139
              ],
              [
                115.7219667092492,
                -32.55115267833546
              ],
              [
                115.7219667092492,
                -32.55115267833546
              ],
              [
                115.72196380030756,
                -32.551212145164826
              ],
              [
                115.72195524645171,
                -32.55120025092525
              ],
              [
                115.72174602213433,
                -32.55190819276434
              ],
              [
                115.72148125327342,
                -32.55201071933709
              ],
              [
                115.72156527791891,
                -32.55186987758036
              ],
              [
                115.72148125327342,
                -32.55201071933709
              ],
              [
                115.72028996577785,
                -32.55400752019307
              ],
              [
                115.72065454717905,
                -32.551568253751384
              ],
              [
                115.72083167946919,
                -32.55164564450661
              ],
              [
                115.72075260812124,
                -32.55140724218867
              ],
              [
                115.72102846062144,
                -32.550480386268205
              ],
              [
                115.72128806858782,
                -32.55030666675207
              ],
              [
                115.72129172012518,
                -32.55053658948303
              ],
              [
                115.72194766555582,
                -32.550299140637094
              ],
              [
                115.72355422035128,
                -32.550355368321135
              ],
              [
                115.72368235626905,
                -32.550312074059434
              ],
              [
                115.72387374959926,
                -32.550328476267346
              ],
              [
                115.72386330125158,
                -32.5515800320861
              ],
              [
                115.72386045501287,
                -32.551921873066966
              ],
              [
                115.72385999409893,
                -32.55197701712679
              ],
              [
                115.723880305644,
                -32.552095052559274
              ],
              [
                115.72387986025434,
                -32.55214834766014
              ],
              [
                115.7238372736029,
                -32.552148095736705
              ],
              [
                115.72383699313683,
                -32.55218145814584
              ],
              [
                115.72387957980405,
                -32.55218171006977
              ],
              [
                115.72387679030908,
                -32.552515776292516
              ],
              [
                115.72387632165818,
                -32.55257221915968
              ],
              [
                115.72392825184677,
                -32.552728035919735
              ],
              [
                115.72392662248362,
                -32.55292369184389
              ],
              [
                115.7239244405687,
                -32.55318472866579
              ],
              [
                115.72383682723095,
                -32.553161658885756
              ],
              [
                115.72364028274158,
                -32.55307761682885
              ],
              [
                115.72352147327678,
                -32.55302681807421
              ],
              [
                115.7233869752832,
                -32.55296930229125
              ],
              [
                115.72335851952867,
                -32.55295713386842
              ]
            ]
          ]
        ]
      },
      "properties": {
        "appellation": {
          "type": "wa:LotOnPlanAppellation",
          "label": "Lot 9017 DP 76652",
          "hasPart": [
            {
              "type": "ParcelType",
              "label": "Lot"
            },
            {
              "type": "ParcelIdentifier",
              "label": "9017"
            },
            {
              "type": "PlanType",
              "label": "DP"
            },
            {
              "type": "PlanNumber",
              "label": "76652"
            }
          ]
        },
        "area": 93220.0,
        "parcelType": "wa-parcel-type:freehold",
        "parcelPurpose": "wa-parcel-purpose:lot",
        "parcelState": "wa-parcel-state:Cancelled",
        "interests": [
          {
            "interestLink": "2812-495",
            "interestType": "wa-interest-type:ct"
          }
        ]
      },
      "id": "SubdividedParcel"
    },
    {
      "type": "Feature",
      "geometry": {
        "type": "Polygon",
        "coordinates": [
          [
            [
              115.72241008151826,
              -32.54966441682775
            ],
            [
              115.72227722678883,
              -32.549659693076634
            ],
            [
              115.72228034614955,
              -32.54959662935058
            ],
            [
              115.72241061412447,
              -32.549601263668
            ],
            [
              115.72241008151826,
              -32.54966441682775
            ]
          ]
        ]
      },
      "properties": {
        "appellation": {
          "type": "wa:LotOnPlanAppellation",
          "label": "Area 33b DP 400715",
          "hasPart": [
            {
              "type": "ParcelType",
              "label": "Area"
            },
            {
              "type": "ParcelIdentifier",
              "label": "33b"
            },
            {
              "type": "PlanType",
              "label": "DP"
            },
            {
              "type": "PlanNumber",
              "label": "400715"
            }
          ]
        },
        "area": 86.58,
        "parcelType": "wa-secondary-parcel-type:easement-area",
        "parcelPurpose": "wa-secondary-parcel-purpose:drain-reserve",
        "parcelState": "wa-parcel-state:created",
        "interests": [
          {
            "interestLink": "159-357-852",
            "label": "33b",
            "interestType": "wa-secondary-purpose:easement-sewerage",
            "statuteLink": "wa-interest-type:413",
            "originalSurveyLink": "DP-74641",
            "burdened": {
              "references": [
                "BalanceParcel"
              ]
            },
            "benefitedPartyName": "Water Corporation",
            "benefitedLink": "123-565-4589"
          },
          {
            "label": "33b1",
            "interestLink": "67856-5643",
            "interestType": "wa-secondary-purpose:easement-water-supply",
            "statuteLink": "wa-interest-type:413",
            "originalSurveyLink": "DP-74641",
            "burdenedParcel": {
              "references": [
                "BalanceParcel"
              ]
            },
            "benefitedPartyName": "Water Corporation",
            "benefitedLink": "123-565-4589"
          }
        ]
      },
      "id": "1345"
    }
  ],
  "@context": [
    "https://opengeospatial.github.io/bblocks/annotated-schemas/geo/features/featureCollection/context.jsonld",
    {
      "wa-doc": "https://linked.data.gov.au/wa-documents/#",
      "sensordesc": "https://linked.data.gov.au/sensor-descriptions/SN#",
      "wa-leg": "https://www.legislation.wa.gov.au/legislation/prod/filestore.nsf/FileURL/$FILE/"
    }
  ]
}